r,t,y,AccumulatedNewCapacity
"Greece","ALELGRBPO",2019,0
"Greece","ALELGRBPO",2020,0
"Greece","ALELGRBPO",2021,0
"Greece","ALELGRBPO",2022,0
"Greece","ALELGRBPO",2023,0
"Greece","ALELGRBPO",2024,0
"Greece","ALELGRBPO",2025,0
"Greece","ALELGRBPO",2026,0
"Greece","ALELGRBPO",2027,0
"Greece","ALELGRBPO",2028,0
"Greece","ALELGRBPO",2029,0
"Greece","ALELGRBPO",2030,0
"Greece","ALELGRBPO",2031,0
"Greece","ALELGRBPO",2032,0
"Greece","ALELGRBPO",2033,0
"Greece","ALELGRBPO",2034,0
"Greece","ALELGRBPO",2035,0
"Greece","ALELGRBPO",2036,0
"Greece","ALELGRBPO",2037,0
"Greece","ALELGRBPO",2038,0
"Greece","ALELGRBPO",2039,0
"Greece","ALELGRBPO",2040,0
"Greece","ALELGRBPO",2041,0
"Greece","ALELGRBPO",2042,0
"Greece","ALELGRBPO",2043,0
"Greece","ALELGRBPO",2044,0
"Greece","ALELGRBPO",2045,0
"Greece","ALELGRBPO",2046,0
"Greece","ALELGRBPO",2047,0
"Greece","ALELGRBPO",2048,0
"Greece","ALELGRBPO",2049,0
"Greece","ALELGRBPO",2050,0
"Greece","BATT",2019,0
"Greece","BATT",2020,0
"Greece","BATT",2021,0
"Greece","BATT",2022,0
"Greece","BATT",2023,0
"Greece","BATT",2024,0
"Greece","BATT",2025,0
"Greece","BATT",2026,0
"Greece","BATT",2027,0
"Greece","BATT",2028,0
"Greece","BATT",2029,0
"Greece","BATT",2030,0
"Greece","BATT",2031,0
"Greece","BATT",2032,0
"Greece","BATT",2033,0
"Greece","BATT",2034,0
"Greece","BATT",2035,0
"Greece","BATT",2036,0
"Greece","BATT",2037,0
"Greece","BATT",2038,0
"Greece","BATT",2039,0
"Greece","BATT",2040,0
"Greece","BATT",2041,0
"Greece","BATT",2042,0
"Greece","BATT",2043,0
"Greece","BATT",2044,0
"Greece","BATT",2045,0
"Greece","BATT",2046,0
"Greece","BATT",2047,0
"Greece","BATT",2048,0
"Greece","BATT",2049,0
"Greece","BATT",2050,0
"Greece","GEOPWR_H",2019,0
"Greece","GEOPWR_H",2020,0
"Greece","GEOPWR_H",2021,0
"Greece","GEOPWR_H",2022,0
"Greece","GEOPWR_H",2023,0
"Greece","GEOPWR_H",2024,0
"Greece","GEOPWR_H",2025,0
"Greece","GEOPWR_H",2026,0
"Greece","GEOPWR_H",2027,0
"Greece","GEOPWR_H",2028,0
"Greece","GEOPWR_H",2029,0
"Greece","GEOPWR_H",2030,0
"Greece","GEOPWR_H",2031,0
"Greece","GEOPWR_H",2032,0
"Greece","GEOPWR_H",2033,0
"Greece","GEOPWR_H",2034,0
"Greece","GEOPWR_H",2035,0.2
"Greece","GEOPWR_H",2036,0.2
"Greece","GEOPWR_H",2037,0.2
"Greece","GEOPWR_H",2038,0.2
"Greece","GEOPWR_H",2039,0.2
"Greece","GEOPWR_H",2040,0.2
"Greece","GEOPWR_H",2041,0.2
"Greece","GEOPWR_H",2042,0.2
"Greece","GEOPWR_H",2043,0.2
"Greece","GEOPWR_H",2044,0.2
"Greece","GEOPWR_H",2045,0.2
"Greece","GEOPWR_H",2046,0.2
"Greece","GEOPWR_H",2047,0.2
"Greece","GEOPWR_H",2048,0.2
"Greece","GEOPWR_H",2049,0.2
"Greece","GEOPWR_H",2050,0.2
"Greece","GEOPWR_M",2019,0
"Greece","GEOPWR_M",2020,0
"Greece","GEOPWR_M",2021,0
"Greece","GEOPWR_M",2022,0
"Greece","GEOPWR_M",2023,0
"Greece","GEOPWR_M",2024,0
"Greece","GEOPWR_M",2025,0
"Greece","GEOPWR_M",2026,0
"Greece","GEOPWR_M",2027,0
"Greece","GEOPWR_M",2028,0
"Greece","GEOPWR_M",2029,0
"Greece","GEOPWR_M",2030,0
"Greece","GEOPWR_M",2031,0
"Greece","GEOPWR_M",2032,0
"Greece","GEOPWR_M",2033,0
"Greece","GEOPWR_M",2034,0
"Greece","GEOPWR_M",2035,0
"Greece","GEOPWR_M",2036,0
"Greece","GEOPWR_M",2037,0
"Greece","GEOPWR_M",2038,0
"Greece","GEOPWR_M",2039,0
"Greece","GEOPWR_M",2040,0
"Greece","GEOPWR_M",2041,0
"Greece","GEOPWR_M",2042,0
"Greece","GEOPWR_M",2043,0
"Greece","GEOPWR_M",2044,0
"Greece","GEOPWR_M",2045,0
"Greece","GEOPWR_M",2046,0
"Greece","GEOPWR_M",2047,0
"Greece","GEOPWR_M",2048,0.25
"Greece","GEOPWR_M",2049,0.5
"Greece","GEOPWR_M",2050,0.5
"Greece","GRBM00I00",2019,0
"Greece","GRBM00I00",2020,0
"Greece","GRBM00I00",2021,0
"Greece","GRBM00I00",2022,0
"Greece","GRBM00I00",2023,0
"Greece","GRBM00I00",2024,0
"Greece","GRBM00I00",2025,0
"Greece","GRBM00I00",2026,0
"Greece","GRBM00I00",2027,0
"Greece","GRBM00I00",2028,0
"Greece","GRBM00I00",2029,0
"Greece","GRBM00I00",2030,0
"Greece","GRBM00I00",2031,0
"Greece","GRBM00I00",2032,0
"Greece","GRBM00I00",2033,0
"Greece","GRBM00I00",2034,0
"Greece","GRBM00I00",2035,0
"Greece","GRBM00I00",2036,0
"Greece","GRBM00I00",2037,0
"Greece","GRBM00I00",2038,0
"Greece","GRBM00I00",2039,0
"Greece","GRBM00I00",2040,0
"Greece","GRBM00I00",2041,0
"Greece","GRBM00I00",2042,0
"Greece","GRBM00I00",2043,0
"Greece","GRBM00I00",2044,0
"Greece","GRBM00I00",2045,0
"Greece","GRBM00I00",2046,0
"Greece","GRBM00I00",2047,0
"Greece","GRBM00I00",2048,0
"Greece","GRBM00I00",2049,0
"Greece","GRBM00I00",2050,0
"Greece","GRBM00X00",2019,4.47529142016
"Greece","GRBM00X00",2020,4.98243949632
"Greece","GRBM00X00",2021,5.4779734944
"Greece","GRBM00X00",2022,16.259709312
"Greece","GRBM00X00",2023,26.809163568
"Greece","GRBM00X00",2024,37.1263362624
"Greece","GRBM00X00",2025,37.1263362624
"Greece","GRBM00X00",2026,37.1263362624
"Greece","GRBM00X00",2027,46.165960368
"Greece","GRBM00X00",2028,46.165960368
"Greece","GRBM00X00",2029,46.165960368
"Greece","GRBM00X00",2030,46.165960368
"Greece","GRBM00X00",2031,46.165960368
"Greece","GRBM00X00",2032,46.165960368
"Greece","GRBM00X00",2033,54.62918208
"Greece","GRBM00X00",2034,64.56176064
"Greece","GRBM00X00",2035,74.2010544
"Greece","GRBM00X00",2036,74.2010544
"Greece","GRBM00X00",2037,74.2010544
"Greece","GRBM00X00",2038,74.2010544
"Greece","GRBM00X00",2039,74.2010544
"Greece","GRBM00X00",2040,74.2010544
"Greece","GRBM00X00",2041,74.2010544
"Greece","GRBM00X00",2042,74.2010544
"Greece","GRBM00X00",2043,74.2010544
"Greece","GRBM00X00",2044,74.2010544
"Greece","GRBM00X00",2045,74.2010544
"Greece","GRBM00X00",2046,74.2010544
"Greece","GRBM00X00",2047,74.2010544
"Greece","GRBM00X00",2048,74.2010544
"Greece","GRBM00X00",2049,74.2010544
"Greece","GRBM00X00",2050,74.2010544
"Greece","GRCO00I00",2019,0
"Greece","GRCO00I00",2020,0
"Greece","GRCO00I00",2021,53.2285776065939
"Greece","GRCO00I00",2022,53.2285776065939
"Greece","GRCO00I00",2023,53.2285776065939
"Greece","GRCO00I00",2024,53.2285776065939
"Greece","GRCO00I00",2025,53.2285776065939
"Greece","GRCO00I00",2026,53.2285776065939
"Greece","GRCO00I00",2027,53.2285776065939
"Greece","GRCO00I00",2028,53.2285776065939
"Greece","GRCO00I00",2029,53.2285776065939
"Greece","GRCO00I00",2030,53.2285776065939
"Greece","GRCO00I00",2031,53.2285776065939
"Greece","GRCO00I00",2032,53.2285776065939
"Greece","GRCO00I00",2033,53.2285776065939
"Greece","GRCO00I00",2034,53.2285776065939
"Greece","GRCO00I00",2035,53.2285776065939
"Greece","GRCO00I00",2036,53.2285776065939
"Greece","GRCO00I00",2037,53.2285776065939
"Greece","GRCO00I00",2038,53.2285776065939
"Greece","GRCO00I00",2039,53.2285776065939
"Greece","GRCO00I00",2040,53.2285776065939
"Greece","GRCO00I00",2041,53.2285776065939
"Greece","GRCO00I00",2042,53.2285776065939
"Greece","GRCO00I00",2043,53.2285776065939
"Greece","GRCO00I00",2044,53.2285776065939
"Greece","GRCO00I00",2045,53.2285776065939
"Greece","GRCO00I00",2046,53.2285776065939
"Greece","GRCO00I00",2047,53.2285776065939
"Greece","GRCO00I00",2048,53.2285776065939
"Greece","GRCO00I00",2049,53.2285776065939
"Greece","GRCO00I00",2050,53.2285776065939
"Greece","GRCO00X00",2019,70.277163752359
"Greece","GRCO00X00",2020,70.277163752359
"Greece","GRCO00X00",2021,70.277163752359
"Greece","GRCO00X00",2022,70.277163752359
"Greece","GRCO00X00",2023,70.277163752359
"Greece","GRCO00X00",2024,70.277163752359
"Greece","GRCO00X00",2025,70.277163752359
"Greece","GRCO00X00",2026,70.277163752359
"Greece","GRCO00X00",2027,70.277163752359
"Greece","GRCO00X00",2028,70.277163752359
"Greece","GRCO00X00",2029,70.277163752359
"Greece","GRCO00X00",2030,70.277163752359
"Greece","GRCO00X00",2031,70.277163752359
"Greece","GRCO00X00",2032,70.277163752359
"Greece","GRCO00X00",2033,70.277163752359
"Greece","GRCO00X00",2034,70.277163752359
"Greece","GRCO00X00",2035,70.277163752359
"Greece","GRCO00X00",2036,70.277163752359
"Greece","GRCO00X00",2037,70.277163752359
"Greece","GRCO00X00",2038,70.277163752359
"Greece","GRCO00X00",2039,70.277163752359
"Greece","GRCO00X00",2040,70.277163752359
"Greece","GRCO00X00",2041,70.277163752359
"Greece","GRCO00X00",2042,70.277163752359
"Greece","GRCO00X00",2043,70.277163752359
"Greece","GRCO00X00",2044,70.277163752359
"Greece","GRCO00X00",2045,70.277163752359
"Greece","GRCO00X00",2046,70.277163752359
"Greece","GRCO00X00",2047,70.277163752359
"Greece","GRCO00X00",2048,70.277163752359
"Greece","GRCO00X00",2049,70.277163752359
"Greece","GRCO00X00",2050,70.277163752359
"Greece","GRELALBP0",2019,0
"Greece","GRELALBP0",2020,0
"Greece","GRELALBP0",2021,0
"Greece","GRELALBP0",2022,0
"Greece","GRELALBP0",2023,0
"Greece","GRELALBP0",2024,0
"Greece","GRELALBP0",2025,0
"Greece","GRELALBP0",2026,0
"Greece","GRELALBP0",2027,0
"Greece","GRELALBP0",2028,0
"Greece","GRELALBP0",2029,0
"Greece","GRELALBP0",2030,0
"Greece","GRELALBP0",2031,0
"Greece","GRELALBP0",2032,0
"Greece","GRELALBP0",2033,0
"Greece","GRELALBP0",2034,0
"Greece","GRELALBP0",2035,0
"Greece","GRELALBP0",2036,0
"Greece","GRELALBP0",2037,0
"Greece","GRELALBP0",2038,0
"Greece","GRELALBP0",2039,0
"Greece","GRELALBP0",2040,0
"Greece","GRELALBP0",2041,0
"Greece","GRELALBP0",2042,0
"Greece","GRELALBP0",2043,0
"Greece","GRELALBP0",2044,0
"Greece","GRELALBP0",2045,0
"Greece","GRELALBP0",2046,0
"Greece","GRELALBP0",2047,0
"Greece","GRELALBP0",2048,0
"Greece","GRELALBP0",2049,0
"Greece","GRELALBP0",2050,0
"Greece","GRHF00I00",2019,12.6929292929294
"Greece","GRHF00I00",2020,12.6929292929294
"Greece","GRHF00I00",2021,12.6929292929294
"Greece","GRHF00I00",2022,12.6929292929294
"Greece","GRHF00I00",2023,12.6929292929294
"Greece","GRHF00I00",2024,12.6929292929294
"Greece","GRHF00I00",2025,12.6929292929294
"Greece","GRHF00I00",2026,12.6929292929294
"Greece","GRHF00I00",2027,12.6929292929294
"Greece","GRHF00I00",2028,12.6929292929294
"Greece","GRHF00I00",2029,12.6929292929294
"Greece","GRHF00I00",2030,12.6929292929294
"Greece","GRHF00I00",2031,12.6929292929294
"Greece","GRHF00I00",2032,12.6929292929294
"Greece","GRHF00I00",2033,12.6929292929294
"Greece","GRHF00I00",2034,12.6929292929294
"Greece","GRHF00I00",2035,12.6929292929294
"Greece","GRHF00I00",2036,12.6929292929294
"Greece","GRHF00I00",2037,12.6929292929294
"Greece","GRHF00I00",2038,12.6929292929294
"Greece","GRHF00I00",2039,12.6929292929294
"Greece","GRHF00I00",2040,12.6929292929294
"Greece","GRHF00I00",2041,12.6929292929294
"Greece","GRHF00I00",2042,12.6929292929294
"Greece","GRHF00I00",2043,12.6929292929294
"Greece","GRHF00I00",2044,12.6929292929294
"Greece","GRHF00I00",2045,12.6929292929294
"Greece","GRHF00I00",2046,12.6929292929294
"Greece","GRHF00I00",2047,12.6929292929294
"Greece","GRHF00I00",2048,12.6929292929294
"Greece","GRHF00I00",2049,12.6929292929294
"Greece","GRHF00I00",2050,12.6929292929294
"Greece","GRMBACKSTOP",2019,80.3225376
"Greece","GRMBACKSTOP",2020,82.9080928
"Greece","GRMBACKSTOP",2021,85.2792032
"Greece","GRMBACKSTOP",2022,85.2792032
"Greece","GRMBACKSTOP",2023,85.2792032
"Greece","GRMBACKSTOP",2024,85.2792032
"Greece","GRMBACKSTOP",2025,85.2792032
"Greece","GRMBACKSTOP",2026,85.2792032
"Greece","GRMBACKSTOP",2027,85.2792032
"Greece","GRMBACKSTOP",2028,85.2792032
"Greece","GRMBACKSTOP",2029,85.2792032
"Greece","GRMBACKSTOP",2030,85.2792032
"Greece","GRMBACKSTOP",2031,85.2792032
"Greece","GRMBACKSTOP",2032,85.2792032
"Greece","GRMBACKSTOP",2033,85.2792032
"Greece","GRMBACKSTOP",2034,85.2792032
"Greece","GRMBACKSTOP",2035,85.2792032
"Greece","GRMBACKSTOP",2036,85.2792032
"Greece","GRMBACKSTOP",2037,85.2792032
"Greece","GRMBACKSTOP",2038,85.2792032
"Greece","GRMBACKSTOP",2039,85.2792032
"Greece","GRMBACKSTOP",2040,85.2792032
"Greece","GRMBACKSTOP",2041,85.2792032
"Greece","GRMBACKSTOP",2042,85.2792032
"Greece","GRMBACKSTOP",2043,85.2792032
"Greece","GRMBACKSTOP",2044,85.2792032
"Greece","GRMBACKSTOP",2045,85.2792032
"Greece","GRMBACKSTOP",2046,85.2792032
"Greece","GRMBACKSTOP",2047,85.2792032
"Greece","GRMBACKSTOP",2048,85.2792032
"Greece","GRMBACKSTOP",2049,85.2792032
"Greece","GRMBACKSTOP",2050,85.2792032
"Greece","GRMBMCHP00",2019,0
"Greece","GRMBMCHP00",2020,0.01
"Greece","GRMBMCHP00",2021,0.02
"Greece","GRMBMCHP00",2022,0.22
"Greece","GRMBMCHP00",2023,0.42
"Greece","GRMBMCHP00",2024,0.62
"Greece","GRMBMCHP00",2025,0.62
"Greece","GRMBMCHP00",2026,0.62
"Greece","GRMBMCHP00",2027,0.82
"Greece","GRMBMCHP00",2028,0.82
"Greece","GRMBMCHP00",2029,0.82
"Greece","GRMBMCHP00",2030,0.82
"Greece","GRMBMCHP00",2031,0.82
"Greece","GRMBMCHP00",2032,0.82
"Greece","GRMBMCHP00",2033,1.02
"Greece","GRMBMCHP00",2034,1.22
"Greece","GRMBMCHP00",2035,1.42
"Greece","GRMBMCHP00",2036,1.42
"Greece","GRMBMCHP00",2037,1.42
"Greece","GRMBMCHP00",2038,1.42
"Greece","GRMBMCHP00",2039,1.42
"Greece","GRMBMCHP00",2040,1.42
"Greece","GRMBMCHP00",2041,1.42
"Greece","GRMBMCHP00",2042,1.42
"Greece","GRMBMCHP00",2043,1.42
"Greece","GRMBMCHP00",2044,1.42
"Greece","GRMBMCHP00",2045,1.42
"Greece","GRMBMCHP00",2046,1.42
"Greece","GRMBMCHP00",2047,1.42
"Greece","GRMBMCHP00",2048,1.42
"Greece","GRMBMCHP00",2049,1.42
"Greece","GRMBMCHP00",2050,1.42
"Greece","GRMCOSCP00",2019,0
"Greece","GRMCOSCP00",2020,0
"Greece","GRMCOSCP00",2021,0
"Greece","GRMCOSCP00",2022,0
"Greece","GRMCOSCP00",2023,0
"Greece","GRMCOSCP00",2024,0
"Greece","GRMCOSCP00",2025,0
"Greece","GRMCOSCP00",2026,0
"Greece","GRMCOSCP00",2027,0
"Greece","GRMCOSCP00",2028,0
"Greece","GRMCOSCP00",2029,0
"Greece","GRMCOSCP00",2030,0
"Greece","GRMCOSCP00",2031,0
"Greece","GRMCOSCP00",2032,0
"Greece","GRMCOSCP00",2033,0
"Greece","GRMCOSCP00",2034,0
"Greece","GRMCOSCP00",2035,0
"Greece","GRMCOSCP00",2036,0
"Greece","GRMCOSCP00",2037,0
"Greece","GRMCOSCP00",2038,0
"Greece","GRMCOSCP00",2039,0
"Greece","GRMCOSCP00",2040,0
"Greece","GRMCOSCP00",2041,0
"Greece","GRMCOSCP00",2042,0
"Greece","GRMCOSCP00",2043,0
"Greece","GRMCOSCP00",2044,0
"Greece","GRMCOSCP00",2045,0
"Greece","GRMCOSCP00",2046,0
"Greece","GRMCOSCP00",2047,0
"Greece","GRMCOSCP00",2048,0
"Greece","GRMCOSCP00",2049,0
"Greece","GRMCOSCP00",2050,0
"Greece","GRMCOSCP00_Ptol",2019,0
"Greece","GRMCOSCP00_Ptol",2020,0
"Greece","GRMCOSCP00_Ptol",2021,0
"Greece","GRMCOSCP00_Ptol",2022,0
"Greece","GRMCOSCP00_Ptol",2023,0.7
"Greece","GRMCOSCP00_Ptol",2024,0.7
"Greece","GRMCOSCP00_Ptol",2025,0.7
"Greece","GRMCOSCP00_Ptol",2026,0.7
"Greece","GRMCOSCP00_Ptol",2027,0.7
"Greece","GRMCOSCP00_Ptol",2028,0.7
"Greece","GRMCOSCP00_Ptol",2029,0
"Greece","GRMCOSCP00_Ptol",2030,0
"Greece","GRMCOSCP00_Ptol",2031,0
"Greece","GRMCOSCP00_Ptol",2032,0
"Greece","GRMCOSCP00_Ptol",2033,0
"Greece","GRMCOSCP00_Ptol",2034,0
"Greece","GRMCOSCP00_Ptol",2035,0
"Greece","GRMCOSCP00_Ptol",2036,0
"Greece","GRMCOSCP00_Ptol",2037,0
"Greece","GRMCOSCP00_Ptol",2038,0
"Greece","GRMCOSCP00_Ptol",2039,0
"Greece","GRMCOSCP00_Ptol",2040,0
"Greece","GRMCOSCP00_Ptol",2041,0
"Greece","GRMCOSCP00_Ptol",2042,0
"Greece","GRMCOSCP00_Ptol",2043,0
"Greece","GRMCOSCP00_Ptol",2044,0
"Greece","GRMCOSCP00_Ptol",2045,0
"Greece","GRMCOSCP00_Ptol",2046,0
"Greece","GRMCOSCP00_Ptol",2047,0
"Greece","GRMCOSCP00_Ptol",2048,0
"Greece","GRMCOSCP00_Ptol",2049,0
"Greece","GRMCOSCP00_Ptol",2050,0
"Greece","GRMEL00T00",2019,0
"Greece","GRMEL00T00",2020,0
"Greece","GRMEL00T00",2021,0
"Greece","GRMEL00T00",2022,2.99170317428805
"Greece","GRMEL00T00",2023,2.9958199324995
"Greece","GRMEL00T00",2024,2.99993669071096
"Greece","GRMEL00T00",2025,3.00405344892242
"Greece","GRMEL00T00",2026,3.00817020713388
"Greece","GRMEL00T00",2027,3.01228696534533
"Greece","GRMEL00T00",2028,3.01640372355679
"Greece","GRMEL00T00",2029,3.06877451304789
"Greece","GRMEL00T00",2030,3.07289127125935
"Greece","GRMEL00T00",2031,3.1324428120795
"Greece","GRMEL00T00",2032,3.19199435289965
"Greece","GRMEL00T00",2033,3.25154589371981
"Greece","GRMEL00T00",2034,3.3593514658196
"Greece","GRMEL00T00",2035,3.41890300663975
"Greece","GRMEL00T00",2036,3.47845454745991
"Greece","GRMEL00T00",2037,3.53800608828006
"Greece","GRMEL00T00",2038,3.64581166037985
"Greece","GRMEL00T00",2039,3.70536320120001
"Greece","GRMEL00T00",2040,3.76491474202016
"Greece","GRMEL00T00",2041,3.87272031411995
"Greece","GRMEL00T00",2042,3.93227185494011
"Greece","GRMEL00T00",2043,3.99921470010809
"Greece","GRMEL00T00",2044,4.2404848565063
"Greece","GRMEL00T00",2045,4.33699291906558
"Greece","GRMEL00T00",2046,4.43350098162486
"Greece","GRMEL00T00",2047,4.53000904418415
"Greece","GRMEL00T00",2048,4.67477113802307
"Greece","GRMEL00T00",2049,4.88584441797366
"Greece","GRMEL00T00",2050,4.95278726314164
"Greece","GRMHFSTP00",2019,0
"Greece","GRMHFSTP00",2020,0
"Greece","GRMHFSTP00",2021,0
"Greece","GRMHFSTP00",2022,0
"Greece","GRMHFSTP00",2023,0
"Greece","GRMHFSTP00",2024,0
"Greece","GRMHFSTP00",2025,0
"Greece","GRMHFSTP00",2026,0
"Greece","GRMHFSTP00",2027,0
"Greece","GRMHFSTP00",2028,0
"Greece","GRMHFSTP00",2029,0
"Greece","GRMHFSTP00",2030,0
"Greece","GRMHFSTP00",2031,0
"Greece","GRMHFSTP00",2032,0
"Greece","GRMHFSTP00",2033,0
"Greece","GRMHFSTP00",2034,0
"Greece","GRMHFSTP00",2035,0
"Greece","GRMHFSTP00",2036,0
"Greece","GRMHFSTP00",2037,0
"Greece","GRMHFSTP00",2038,0
"Greece","GRMHFSTP00",2039,0
"Greece","GRMHFSTP00",2040,0
"Greece","GRMHFSTP00",2041,0
"Greece","GRMHFSTP00",2042,0
"Greece","GRMHFSTP00",2043,0
"Greece","GRMHFSTP00",2044,0
"Greece","GRMHFSTP00",2045,0
"Greece","GRMHFSTP00",2046,0
"Greece","GRMHFSTP00",2047,0
"Greece","GRMHFSTP00",2048,0
"Greece","GRMHFSTP00",2049,0
"Greece","GRMHFSTP00",2050,0
"Greece","GRMHYDMS01",2019,0
"Greece","GRMHYDMS01",2020,0.01
"Greece","GRMHYDMS01",2021,0.02
"Greece","GRMHYDMS01",2022,0.02
"Greece","GRMHYDMS01",2023,0.02
"Greece","GRMHYDMS01",2024,0.02
"Greece","GRMHYDMS01",2025,0.02
"Greece","GRMHYDMS01",2026,0.02
"Greece","GRMHYDMS01",2027,0.02
"Greece","GRMHYDMS01",2028,0.02
"Greece","GRMHYDMS01",2029,0.02
"Greece","GRMHYDMS01",2030,0.02
"Greece","GRMHYDMS01",2031,0.02
"Greece","GRMHYDMS01",2032,0.02
"Greece","GRMHYDMS01",2033,0.02
"Greece","GRMHYDMS01",2034,0.02
"Greece","GRMHYDMS01",2035,0.02
"Greece","GRMHYDMS01",2036,0.02
"Greece","GRMHYDMS01",2037,0.02
"Greece","GRMHYDMS01",2038,0.02
"Greece","GRMHYDMS01",2039,0.02
"Greece","GRMHYDMS01",2040,0.02
"Greece","GRMHYDMS01",2041,0.02
"Greece","GRMHYDMS01",2042,0.02
"Greece","GRMHYDMS01",2043,0.202720680115935
"Greece","GRMHYDMS01",2044,0.452720680115935
"Greece","GRMHYDMS01",2045,0.702720680115935
"Greece","GRMHYDMS01",2046,0.952720680115935
"Greece","GRMHYDMS01",2047,1.20272068011594
"Greece","GRMHYDMS01",2048,1.45272068011594
"Greece","GRMHYDMS01",2049,1.70272068011594
"Greece","GRMHYDMS01",2050,1.86
"Greece","GRMHYDMS02",2019,0
"Greece","GRMHYDMS02",2020,0
"Greece","GRMHYDMS02",2021,0
"Greece","GRMHYDMS02",2022,0
"Greece","GRMHYDMS02",2023,0
"Greece","GRMHYDMS02",2024,0
"Greece","GRMHYDMS02",2025,0
"Greece","GRMHYDMS02",2026,0
"Greece","GRMHYDMS02",2027,0
"Greece","GRMHYDMS02",2028,0
"Greece","GRMHYDMS02",2029,0
"Greece","GRMHYDMS02",2030,0
"Greece","GRMHYDMS02",2031,0
"Greece","GRMHYDMS02",2032,0
"Greece","GRMHYDMS02",2033,0
"Greece","GRMHYDMS02",2034,0
"Greece","GRMHYDMS02",2035,0
"Greece","GRMHYDMS02",2036,0
"Greece","GRMHYDMS02",2037,0
"Greece","GRMHYDMS02",2038,0
"Greece","GRMHYDMS02",2039,0
"Greece","GRMHYDMS02",2040,0
"Greece","GRMHYDMS02",2041,0
"Greece","GRMHYDMS02",2042,0
"Greece","GRMHYDMS02",2043,0
"Greece","GRMHYDMS02",2044,0
"Greece","GRMHYDMS02",2045,0
"Greece","GRMHYDMS02",2046,0
"Greece","GRMHYDMS02",2047,0
"Greece","GRMHYDMS02",2048,0
"Greece","GRMHYDMS02",2049,0
"Greece","GRMHYDMS02",2050,0
"Greece","GRMHYDMS03",2019,0
"Greece","GRMHYDMS03",2020,0
"Greece","GRMHYDMS03",2021,0
"Greece","GRMHYDMS03",2022,0
"Greece","GRMHYDMS03",2023,0
"Greece","GRMHYDMS03",2024,0
"Greece","GRMHYDMS03",2025,0
"Greece","GRMHYDMS03",2026,0
"Greece","GRMHYDMS03",2027,0
"Greece","GRMHYDMS03",2028,0
"Greece","GRMHYDMS03",2029,0
"Greece","GRMHYDMS03",2030,0
"Greece","GRMHYDMS03",2031,0
"Greece","GRMHYDMS03",2032,0
"Greece","GRMHYDMS03",2033,0
"Greece","GRMHYDMS03",2034,0
"Greece","GRMHYDMS03",2035,0
"Greece","GRMHYDMS03",2036,0
"Greece","GRMHYDMS03",2037,0
"Greece","GRMHYDMS03",2038,0
"Greece","GRMHYDMS03",2039,0
"Greece","GRMHYDMS03",2040,0
"Greece","GRMHYDMS03",2041,0
"Greece","GRMHYDMS03",2042,0
"Greece","GRMHYDMS03",2043,0
"Greece","GRMHYDMS03",2044,0
"Greece","GRMHYDMS03",2045,0
"Greece","GRMHYDMS03",2046,0
"Greece","GRMHYDMS03",2047,0
"Greece","GRMHYDMS03",2048,0
"Greece","GRMHYDMS03",2049,0
"Greece","GRMHYDMS03",2050,0
"Greece","GRMNGCCP00",2019,0
"Greece","GRMNGCCP00",2020,0.31
"Greece","GRMNGCCP00",2021,0.31
"Greece","GRMNGCCP00",2022,0.31
"Greece","GRMNGCCP00",2023,0.31
"Greece","GRMNGCCP00",2024,0.31
"Greece","GRMNGCCP00",2025,0.31
"Greece","GRMNGCCP00",2026,0.31
"Greece","GRMNGCCP00",2027,0.31
"Greece","GRMNGCCP00",2028,0.31
"Greece","GRMNGCCP00",2029,0.31
"Greece","GRMNGCCP00",2030,0.31
"Greece","GRMNGCCP00",2031,0.31
"Greece","GRMNGCCP00",2032,0.31
"Greece","GRMNGCCP00",2033,0.31
"Greece","GRMNGCCP00",2034,0.31
"Greece","GRMNGCCP00",2035,0.31
"Greece","GRMNGCCP00",2036,0.31
"Greece","GRMNGCCP00",2037,0.31
"Greece","GRMNGCCP00",2038,0.31
"Greece","GRMNGCCP00",2039,0.31
"Greece","GRMNGCCP00",2040,0.31
"Greece","GRMNGCCP00",2041,0.31
"Greece","GRMNGCCP00",2042,0.31
"Greece","GRMNGCCP00",2043,0.31
"Greece","GRMNGCCP00",2044,0.31
"Greece","GRMNGCCP00",2045,0.31
"Greece","GRMNGCCP00",2046,0.31
"Greece","GRMNGCCP00",2047,0.31
"Greece","GRMNGCCP00",2048,0.31
"Greece","GRMNGCCP00",2049,0.31
"Greece","GRMNGCCP00",2050,0
"Greece","GRMNGGCP00",2019,0
"Greece","GRMNGGCP00",2020,0
"Greece","GRMNGGCP00",2021,0
"Greece","GRMNGGCP00",2022,0
"Greece","GRMNGGCP00",2023,0
"Greece","GRMNGGCP00",2024,0
"Greece","GRMNGGCP00",2025,0
"Greece","GRMNGGCP00",2026,0
"Greece","GRMNGGCP00",2027,0
"Greece","GRMNGGCP00",2028,0
"Greece","GRMNGGCP00",2029,0
"Greece","GRMNGGCP00",2030,0
"Greece","GRMNGGCP00",2031,0
"Greece","GRMNGGCP00",2032,0
"Greece","GRMNGGCP00",2033,0
"Greece","GRMNGGCP00",2034,0
"Greece","GRMNGGCP00",2035,0
"Greece","GRMNGGCP00",2036,0
"Greece","GRMNGGCP00",2037,0
"Greece","GRMNGGCP00",2038,0
"Greece","GRMNGGCP00",2039,0
"Greece","GRMNGGCP00",2040,0
"Greece","GRMNGGCP00",2041,0
"Greece","GRMNGGCP00",2042,0
"Greece","GRMNGGCP00",2043,0
"Greece","GRMNGGCP00",2044,0
"Greece","GRMNGGCP00",2045,0
"Greece","GRMNGGCP00",2046,0
"Greece","GRMNGGCP00",2047,0
"Greece","GRMNGGCP00",2048,0
"Greece","GRMNGGCP00",2049,0
"Greece","GRMNGGCP00",2050,0
"Greece","GRMSOC1P00",2019,0
"Greece","GRMSOC1P00",2020,0
"Greece","GRMSOC1P00",2021,0
"Greece","GRMSOC1P00",2022,0
"Greece","GRMSOC1P00",2023,0
"Greece","GRMSOC1P00",2024,0
"Greece","GRMSOC1P00",2025,0
"Greece","GRMSOC1P00",2026,0
"Greece","GRMSOC1P00",2027,0
"Greece","GRMSOC1P00",2028,0
"Greece","GRMSOC1P00",2029,0
"Greece","GRMSOC1P00",2030,0
"Greece","GRMSOC1P00",2031,0
"Greece","GRMSOC1P00",2032,0
"Greece","GRMSOC1P00",2033,0
"Greece","GRMSOC1P00",2034,0
"Greece","GRMSOC1P00",2035,0
"Greece","GRMSOC1P00",2036,0
"Greece","GRMSOC1P00",2037,0
"Greece","GRMSOC1P00",2038,0
"Greece","GRMSOC1P00",2039,0
"Greece","GRMSOC1P00",2040,0
"Greece","GRMSOC1P00",2041,0
"Greece","GRMSOC1P00",2042,0
"Greece","GRMSOC1P00",2043,0
"Greece","GRMSOC1P00",2044,0
"Greece","GRMSOC1P00",2045,0
"Greece","GRMSOC1P00",2046,0
"Greece","GRMSOC1P00",2047,0
"Greece","GRMSOC1P00",2048,0
"Greece","GRMSOC1P00",2049,0.25
"Greece","GRMSOC1P00",2050,0.25
"Greece","GRMSOU1P03",2019,0.15
"Greece","GRMSOU1P03",2020,0.59
"Greece","GRMSOU1P03",2021,1.22
"Greece","GRMSOU1P03",2022,1.92
"Greece","GRMSOU1P03",2023,2.62
"Greece","GRMSOU1P03",2024,3.32
"Greece","GRMSOU1P03",2025,4.02
"Greece","GRMSOU1P03",2026,4.72
"Greece","GRMSOU1P03",2027,5.42
"Greece","GRMSOU1P03",2028,6.12
"Greece","GRMSOU1P03",2029,6.73
"Greece","GRMSOU1P03",2030,6.73
"Greece","GRMSOU1P03",2031,7.48
"Greece","GRMSOU1P03",2032,7.48
"Greece","GRMSOU1P03",2033,7.48
"Greece","GRMSOU1P03",2034,8.14871589198053
"Greece","GRMSOU1P03",2035,8.89871589198053
"Greece","GRMSOU1P03",2036,8.89871589198053
"Greece","GRMSOU1P03",2037,8.89871589198053
"Greece","GRMSOU1P03",2038,8.89871589198053
"Greece","GRMSOU1P03",2039,8.89871589198053
"Greece","GRMSOU1P03",2040,8.89871589198053
"Greece","GRMSOU1P03",2041,8.89871589198053
"Greece","GRMSOU1P03",2042,8.89871589198053
"Greece","GRMSOU1P03",2043,8.89871589198053
"Greece","GRMSOU1P03",2044,9.01751201143674
"Greece","GRMSOU1P03",2045,9.12192029293144
"Greece","GRMSOU1P03",2046,9.12192029293144
"Greece","GRMSOU1P03",2047,9.87192029293144
"Greece","GRMSOU1P03",2048,10.6219202929314
"Greece","GRMSOU1P03",2049,11.2219202929314
"Greece","GRMSOU1P03",2050,11.5319202929314
"Greece","GRMSOV1F01",2019,0.01
"Greece","GRMSOV1F01",2020,0.03
"Greece","GRMSOV1F01",2021,0.07
"Greece","GRMSOV1F01",2022,0.32
"Greece","GRMSOV1F01",2023,0.57
"Greece","GRMSOV1F01",2024,0.82
"Greece","GRMSOV1F01",2025,1.07
"Greece","GRMSOV1F01",2026,1.32
"Greece","GRMSOV1F01",2027,1.57
"Greece","GRMSOV1F01",2028,1.82
"Greece","GRMSOV1F01",2029,2.07
"Greece","GRMSOV1F01",2030,2.32
"Greece","GRMSOV1F01",2031,2.42
"Greece","GRMSOV1F01",2032,2.52
"Greece","GRMSOV1F01",2033,2.62
"Greece","GRMSOV1F01",2034,2.72
"Greece","GRMSOV1F01",2035,2.82
"Greece","GRMSOV1F01",2036,2.92
"Greece","GRMSOV1F01",2037,3.02
"Greece","GRMSOV1F01",2038,3.12
"Greece","GRMSOV1F01",2039,3.22
"Greece","GRMSOV1F01",2040,3.32
"Greece","GRMSOV1F01",2041,3.42
"Greece","GRMSOV1F01",2042,3.52
"Greece","GRMSOV1F01",2043,3.6
"Greece","GRMSOV1F01",2044,3.6
"Greece","GRMSOV1F01",2045,3.6
"Greece","GRMSOV1F01",2046,3.6
"Greece","GRMSOV1F01",2047,3.6
"Greece","GRMSOV1F01",2048,3.6
"Greece","GRMSOV1F01",2049,3.69
"Greece","GRMSOV1F01",2050,3.77
"Greece","GRMWIP00",2019,0.75
"Greece","GRMWIP00",2020,1.26
"Greece","GRMWIP00",2021,1.53
"Greece","GRMWIP00",2022,2.38
"Greece","GRMWIP00",2023,3.23
"Greece","GRMWIP00",2024,4.08
"Greece","GRMWIP00",2025,4.93
"Greece","GRMWIP00",2026,5.78
"Greece","GRMWIP00",2027,6.63
"Greece","GRMWIP00",2028,7.48
"Greece","GRMWIP00",2029,8.33
"Greece","GRMWIP00",2030,9.14
"Greece","GRMWIP00",2031,9.99
"Greece","GRMWIP00",2032,10.84
"Greece","GRMWIP00",2033,11.69
"Greece","GRMWIP00",2034,12.54
"Greece","GRMWIP00",2035,13.39
"Greece","GRMWIP00",2036,13.9317493556401
"Greece","GRMWIP00",2037,14.4226783434932
"Greece","GRMWIP00",2038,15.1750941907682
"Greece","GRMWIP00",2039,15.5862726346039
"Greece","GRMWIP00",2040,15.8283249776849
"Greece","GRMWIP00",2041,15.916843377686
"Greece","GRMWIP00",2042,15.916843377686
"Greece","GRMWIP00",2043,15.916843377686
"Greece","GRMWIP00",2044,15.9470270785455
"Greece","GRMWIP00",2045,15.9470270785455
"Greece","GRMWIP00",2046,15.9470270785455
"Greece","GRMWIP00",2047,15.9470270785455
"Greece","GRMWIP00",2048,16.2512456486162
"Greece","GRMWIP00",2049,16.0012456486162
"Greece","GRMWIP00",2050,15.9912456486162
"Greece","GRMWIP01",2019,0
"Greece","GRMWIP01",2020,0
"Greece","GRMWIP01",2021,0
"Greece","GRMWIP01",2022,0
"Greece","GRMWIP01",2023,0
"Greece","GRMWIP01",2024,0
"Greece","GRMWIP01",2025,0
"Greece","GRMWIP01",2026,0
"Greece","GRMWIP01",2027,0
"Greece","GRMWIP01",2028,0
"Greece","GRMWIP01",2029,0
"Greece","GRMWIP01",2030,0.162823409640314
"Greece","GRMWIP01",2031,0.412823409640314
"Greece","GRMWIP01",2032,0.662823409640314
"Greece","GRMWIP01",2033,0.912823409640314
"Greece","GRMWIP01",2034,1.16282340964031
"Greece","GRMWIP01",2035,1.41282340964031
"Greece","GRMWIP01",2036,1.41282340964031
"Greece","GRMWIP01",2037,1.41282340964031
"Greece","GRMWIP01",2038,1.41282340964031
"Greece","GRMWIP01",2039,1.52376061556811
"Greece","GRMWIP01",2040,1.77376061556811
"Greece","GRMWIP01",2041,2.02376061556811
"Greece","GRMWIP01",2042,2.18987529755723
"Greece","GRMWIP01",2043,2.25
"Greece","GRMWIP01",2044,2.5
"Greece","GRMWIP01",2045,2.5
"Greece","GRMWIP01",2046,2.5
"Greece","GRMWIP01",2047,2.5
"Greece","GRMWIP01",2048,2.75
"Greece","GRMWIP01",2049,3
"Greece","GRMWIP01",2050,3
"Greece","GRNG00I00",2019,98.391436935541
"Greece","GRNG00I00",2020,101.133753440202
"Greece","GRNG00I00",2021,101.133753440202
"Greece","GRNG00I00",2022,101.133753440202
"Greece","GRNG00I00",2023,101.133753440202
"Greece","GRNG00I00",2024,101.133753440202
"Greece","GRNG00I00",2025,101.133753440202
"Greece","GRNG00I00",2026,101.133753440202
"Greece","GRNG00I00",2027,101.133753440202
"Greece","GRNG00I00",2028,101.133753440202
"Greece","GRNG00I00",2029,101.133753440202
"Greece","GRNG00I00",2030,101.133753440202
"Greece","GRNG00I00",2031,101.133753440202
"Greece","GRNG00I00",2032,101.133753440202
"Greece","GRNG00I00",2033,101.133753440202
"Greece","GRNG00I00",2034,101.133753440202
"Greece","GRNG00I00",2035,101.133753440202
"Greece","GRNG00I00",2036,101.133753440202
"Greece","GRNG00I00",2037,101.133753440202
"Greece","GRNG00I00",2038,101.133753440202
"Greece","GRNG00I00",2039,101.133753440202
"Greece","GRNG00I00",2040,101.133753440202
"Greece","GRNG00I00",2041,101.133753440202
"Greece","GRNG00I00",2042,101.133753440202
"Greece","GRNG00I00",2043,101.133753440202
"Greece","GRNG00I00",2044,101.133753440202
"Greece","GRNG00I00",2045,101.133753440202
"Greece","GRNG00I00",2046,101.133753440202
"Greece","GRNG00I00",2047,101.133753440202
"Greece","GRNG00I00",2048,101.133753440202
"Greece","GRNG00I00",2049,101.133753440202
"Greece","GRNG00I00",2050,101.133753440202
"Greece","NGCHPPWR",2019,0.004
"Greece","NGCHPPWR",2020,0.006
"Greece","NGCHPPWR",2021,0.008
"Greece","NGCHPPWR",2022,0.008
"Greece","NGCHPPWR",2023,0.008
"Greece","NGCHPPWR",2024,0.008
"Greece","NGCHPPWR",2025,0.008
"Greece","NGCHPPWR",2026,0.008
"Greece","NGCHPPWR",2027,0.008
"Greece","NGCHPPWR",2028,0.008
"Greece","NGCHPPWR",2029,0.008
"Greece","NGCHPPWR",2030,0.008
"Greece","NGCHPPWR",2031,0.008
"Greece","NGCHPPWR",2032,0.008
"Greece","NGCHPPWR",2033,0.008
"Greece","NGCHPPWR",2034,0.008
"Greece","NGCHPPWR",2035,0.008
"Greece","NGCHPPWR",2036,0.008
"Greece","NGCHPPWR",2037,0.008
"Greece","NGCHPPWR",2038,0.008
"Greece","NGCHPPWR",2039,0.008
"Greece","NGCHPPWR",2040,0.008
"Greece","NGCHPPWR",2041,0.008
"Greece","NGCHPPWR",2042,0.008
"Greece","NGCHPPWR",2043,0.008
"Greece","NGCHPPWR",2044,0.008
"Greece","NGCHPPWR",2045,0.008
"Greece","NGCHPPWR",2046,0.008
"Greece","NGCHPPWR",2047,0.008
"Greece","NGCHPPWR",2048,0.008
"Greece","NGCHPPWR",2049,0.008
"Greece","NGCHPPWR",2050,0.008
"Greece","NGSPROD",2019,0.505050505050505
"Greece","NGSPROD",2020,0.505050505050505
"Greece","NGSPROD",2021,0.505050505050505
"Greece","NGSPROD",2022,0.505050505050505
"Greece","NGSPROD",2023,0.505050505050505
"Greece","NGSPROD",2024,0.505050505050505
"Greece","NGSPROD",2025,0.505050505050505
"Greece","NGSPROD",2026,0.505050505050505
"Greece","NGSPROD",2027,0.555555555555553
"Greece","NGSPROD",2028,0.555555555555553
"Greece","NGSPROD",2029,0.555555555555553
"Greece","NGSPROD",2030,0.555555555555553
"Greece","NGSPROD",2031,0.555555555555553
"Greece","NGSPROD",2032,0.73170731707317
"Greece","NGSPROD",2033,0.769230769230769
"Greece","NGSPROD",2034,0.769230769230769
"Greece","NGSPROD",2035,0.769230769230769
"Greece","NGSPROD",2036,0.769230769230769
"Greece","NGSPROD",2037,0.769230769230769
"Greece","NGSPROD",2038,0.769230769230769
"Greece","NGSPROD",2039,0.769230769230769
"Greece","NGSPROD",2040,0.769230769230769
"Greece","NGSPROD",2041,0.769230769230769
"Greece","NGSPROD",2042,0.769230769230769
"Greece","NGSPROD",2043,0.769230769230769
"Greece","NGSPROD",2044,0.769230769230769
"Greece","NGSPROD",2045,0.769230769230769
"Greece","NGSPROD",2046,0.769230769230769
"Greece","NGSPROD",2047,0.769230769230769
"Greece","NGSPROD",2048,0.769230769230769
"Greece","NGSPROD",2049,0.769230769230769
"Greece","NGSPROD",2050,0.769230769230769
"Greece","OILPROD",2019,7.17171717171717
"Greece","OILPROD",2020,7.17171717171717
"Greece","OILPROD",2021,7.17171717171717
"Greece","OILPROD",2022,7.17171717171717
"Greece","OILPROD",2023,7.17171717171717
"Greece","OILPROD",2024,7.17171717171717
"Greece","OILPROD",2025,7.17171717171717
"Greece","OILPROD",2026,7.17171717171717
"Greece","OILPROD",2027,7.17171717171717
"Greece","OILPROD",2028,7.17171717171717
"Greece","OILPROD",2029,7.17171717171717
"Greece","OILPROD",2030,7.17171717171717
"Greece","OILPROD",2031,7.17171717171717
"Greece","OILPROD",2032,7.17171717171717
"Greece","OILPROD",2033,7.17171717171717
"Greece","OILPROD",2034,7.17171717171717
"Greece","OILPROD",2035,7.17171717171717
"Greece","OILPROD",2036,7.17171717171717
"Greece","OILPROD",2037,7.17171717171717
"Greece","OILPROD",2038,7.17171717171717
"Greece","OILPROD",2039,7.17171717171717
"Greece","OILPROD",2040,7.17171717171717
"Greece","OILPROD",2041,7.17171717171717
"Greece","OILPROD",2042,7.17171717171717
"Greece","OILPROD",2043,7.17171717171717
"Greece","OILPROD",2044,7.17171717171717
"Greece","OILPROD",2045,7.17171717171717
"Greece","OILPROD",2046,7.17171717171717
"Greece","OILPROD",2047,7.17171717171717
"Greece","OILPROD",2048,7.17171717171717
"Greece","OILPROD",2049,7.17171717171717
"Greece","OILPROD",2050,7.17171717171717
"Greece","PUMP",2019,0
"Greece","PUMP",2020,0
"Greece","PUMP",2021,0
"Greece","PUMP",2022,0
"Greece","PUMP",2023,0
"Greece","PUMP",2024,0
"Greece","PUMP",2025,0
"Greece","PUMP",2026,0
"Greece","PUMP",2027,0
"Greece","PUMP",2028,0
"Greece","PUMP",2029,0
"Greece","PUMP",2030,0
"Greece","PUMP",2031,0
"Greece","PUMP",2032,0
"Greece","PUMP",2033,0
"Greece","PUMP",2034,0
"Greece","PUMP",2035,0
"Greece","PUMP",2036,0
"Greece","PUMP",2037,0
"Greece","PUMP",2038,0
"Greece","PUMP",2039,0
"Greece","PUMP",2040,0
"Greece","PUMP",2041,0
"Greece","PUMP",2042,0
"Greece","PUMP",2043,0
"Greece","PUMP",2044,0
"Greece","PUMP",2045,0
"Greece","PUMP",2046,0
"Greece","PUMP",2047,0
"Greece","PUMP",2048,0
"Greece","PUMP",2049,0
"Greece","PUMP",2050,0
"Greece","PWRHYDR",2019,0
"Greece","PWRHYDR",2020,0
"Greece","PWRHYDR",2021,0
"Greece","PWRHYDR",2022,0
"Greece","PWRHYDR",2023,0
"Greece","PWRHYDR",2024,0
"Greece","PWRHYDR",2025,0
"Greece","PWRHYDR",2026,0
"Greece","PWRHYDR",2027,0
"Greece","PWRHYDR",2028,0
"Greece","PWRHYDR",2029,0
"Greece","PWRHYDR",2030,0
"Greece","PWRHYDR",2031,0
"Greece","PWRHYDR",2032,0
"Greece","PWRHYDR",2033,0
"Greece","PWRHYDR",2034,0
"Greece","PWRHYDR",2035,0
"Greece","PWRHYDR",2036,0
"Greece","PWRHYDR",2037,0
"Greece","PWRHYDR",2038,0
"Greece","PWRHYDR",2039,0
"Greece","PWRHYDR",2040,0
"Greece","PWRHYDR",2041,0
"Greece","PWRHYDR",2042,0
"Greece","PWRHYDR",2043,0
"Greece","PWRHYDR",2044,0
"Greece","PWRHYDR",2045,0
"Greece","PWRHYDR",2046,0
"Greece","PWRHYDR",2047,0
"Greece","PWRHYDR",2048,0
"Greece","PWRHYDR",2049,0
"Greece","PWRHYDR",2050,0
