r,t,y,AnnualFixedOperatingCost
"Greece","ALELGRBPO",2019,38.025
"Greece","ALELGRBPO",2020,37.65
"Greece","ALELGRBPO",2021,37.3
"Greece","ALELGRBPO",2022,36.925
"Greece","ALELGRBPO",2023,36.55
"Greece","ALELGRBPO",2024,36.2
"Greece","ALELGRBPO",2025,35.825
"Greece","ALELGRBPO",2026,35.45
"Greece","ALELGRBPO",2027,35.1
"Greece","ALELGRBPO",2028,34.725
"Greece","ALELGRBPO",2029,34.35
"Greece","ALELGRBPO",2030,34
"Greece","ALELGRBPO",2031,33.8
"Greece","ALELGRBPO",2032,33.6
"Greece","ALELGRBPO",2033,33.4
"Greece","ALELGRBPO",2034,33.2
"Greece","ALELGRBPO",2035,33
"Greece","ALELGRBPO",2036,32.8
"Greece","ALELGRBPO",2037,32.6
"Greece","ALELGRBPO",2038,32.4
"Greece","ALELGRBPO",2039,32.2
"Greece","ALELGRBPO",2040,32
"Greece","ALELGRBPO",2041,31.8
"Greece","ALELGRBPO",2042,31.6
"Greece","ALELGRBPO",2043,31.4
"Greece","ALELGRBPO",2044,31.2
"Greece","ALELGRBPO",2045,31
"Greece","ALELGRBPO",2046,30.8
"Greece","ALELGRBPO",2047,30.6
"Greece","ALELGRBPO",2048,30.4
"Greece","ALELGRBPO",2049,30.2
"Greece","ALELGRBPO",2050,30
"Greece","BATT",2019,0
"Greece","BATT",2020,0
"Greece","BATT",2021,0
"Greece","BATT",2022,0
"Greece","BATT",2023,0
"Greece","BATT",2024,0
"Greece","BATT",2025,0
"Greece","BATT",2026,0
"Greece","BATT",2027,0
"Greece","BATT",2028,0
"Greece","BATT",2029,0
"Greece","BATT",2030,0
"Greece","BATT",2031,0
"Greece","BATT",2032,0
"Greece","BATT",2033,0
"Greece","BATT",2034,0
"Greece","BATT",2035,0
"Greece","BATT",2036,0
"Greece","BATT",2037,0
"Greece","BATT",2038,0
"Greece","BATT",2039,0
"Greece","BATT",2040,0
"Greece","BATT",2041,0
"Greece","BATT",2042,0
"Greece","BATT",2043,0
"Greece","BATT",2044,0
"Greece","BATT",2045,0
"Greece","BATT",2046,0
"Greece","BATT",2047,0
"Greece","BATT",2048,0
"Greece","BATT",2049,0
"Greece","BATT",2050,0
"Greece","GEOPWR_H",2019,0
"Greece","GEOPWR_H",2020,0
"Greece","GEOPWR_H",2021,0
"Greece","GEOPWR_H",2022,0
"Greece","GEOPWR_H",2023,0
"Greece","GEOPWR_H",2024,0
"Greece","GEOPWR_H",2025,0
"Greece","GEOPWR_H",2026,0
"Greece","GEOPWR_H",2027,0
"Greece","GEOPWR_H",2028,0
"Greece","GEOPWR_H",2029,0
"Greece","GEOPWR_H",2030,0
"Greece","GEOPWR_H",2031,0
"Greece","GEOPWR_H",2032,0
"Greece","GEOPWR_H",2033,0
"Greece","GEOPWR_H",2034,0
"Greece","GEOPWR_H",2035,22.278
"Greece","GEOPWR_H",2036,22.392
"Greece","GEOPWR_H",2037,22.506
"Greece","GEOPWR_H",2038,22.62
"Greece","GEOPWR_H",2039,22.734
"Greece","GEOPWR_H",2040,22.848
"Greece","GEOPWR_H",2041,22.964
"Greece","GEOPWR_H",2042,23.078
"Greece","GEOPWR_H",2043,23.192
"Greece","GEOPWR_H",2044,23.306
"Greece","GEOPWR_H",2045,23.42
"Greece","GEOPWR_H",2046,23.534
"Greece","GEOPWR_H",2047,23.648
"Greece","GEOPWR_H",2048,23.762
"Greece","GEOPWR_H",2049,23.878
"Greece","GEOPWR_H",2050,23.992
"Greece","GEOPWR_M",2019,0
"Greece","GEOPWR_M",2020,0
"Greece","GEOPWR_M",2021,0
"Greece","GEOPWR_M",2022,0
"Greece","GEOPWR_M",2023,0
"Greece","GEOPWR_M",2024,0
"Greece","GEOPWR_M",2025,0
"Greece","GEOPWR_M",2026,0
"Greece","GEOPWR_M",2027,0
"Greece","GEOPWR_M",2028,0
"Greece","GEOPWR_M",2029,0
"Greece","GEOPWR_M",2030,0
"Greece","GEOPWR_M",2031,0
"Greece","GEOPWR_M",2032,0
"Greece","GEOPWR_M",2033,0
"Greece","GEOPWR_M",2034,0
"Greece","GEOPWR_M",2035,0
"Greece","GEOPWR_M",2036,0
"Greece","GEOPWR_M",2037,0
"Greece","GEOPWR_M",2038,0
"Greece","GEOPWR_M",2039,0
"Greece","GEOPWR_M",2040,0
"Greece","GEOPWR_M",2041,0
"Greece","GEOPWR_M",2042,0
"Greece","GEOPWR_M",2043,0
"Greece","GEOPWR_M",2044,0
"Greece","GEOPWR_M",2045,0
"Greece","GEOPWR_M",2046,0
"Greece","GEOPWR_M",2047,0
"Greece","GEOPWR_M",2048,25.7525
"Greece","GEOPWR_M",2049,51.505
"Greece","GEOPWR_M",2050,51.505
"Greece","GRBM00I00",2019,0
"Greece","GRBM00I00",2020,0
"Greece","GRBM00I00",2021,0
"Greece","GRBM00I00",2022,0
"Greece","GRBM00I00",2023,0
"Greece","GRBM00I00",2024,0
"Greece","GRBM00I00",2025,0
"Greece","GRBM00I00",2026,0
"Greece","GRBM00I00",2027,0
"Greece","GRBM00I00",2028,0
"Greece","GRBM00I00",2029,0
"Greece","GRBM00I00",2030,0
"Greece","GRBM00I00",2031,0
"Greece","GRBM00I00",2032,0
"Greece","GRBM00I00",2033,0
"Greece","GRBM00I00",2034,0
"Greece","GRBM00I00",2035,0
"Greece","GRBM00I00",2036,0
"Greece","GRBM00I00",2037,0
"Greece","GRBM00I00",2038,0
"Greece","GRBM00I00",2039,0
"Greece","GRBM00I00",2040,0
"Greece","GRBM00I00",2041,0
"Greece","GRBM00I00",2042,0
"Greece","GRBM00I00",2043,0
"Greece","GRBM00I00",2044,0
"Greece","GRBM00I00",2045,0
"Greece","GRBM00I00",2046,0
"Greece","GRBM00I00",2047,0
"Greece","GRBM00I00",2048,0
"Greece","GRBM00I00",2049,0
"Greece","GRBM00I00",2050,0
"Greece","GRBM00X00",2019,0
"Greece","GRBM00X00",2020,0
"Greece","GRBM00X00",2021,0
"Greece","GRBM00X00",2022,0
"Greece","GRBM00X00",2023,0
"Greece","GRBM00X00",2024,0
"Greece","GRBM00X00",2025,0
"Greece","GRBM00X00",2026,0
"Greece","GRBM00X00",2027,0
"Greece","GRBM00X00",2028,0
"Greece","GRBM00X00",2029,0
"Greece","GRBM00X00",2030,0
"Greece","GRBM00X00",2031,0
"Greece","GRBM00X00",2032,0
"Greece","GRBM00X00",2033,0
"Greece","GRBM00X00",2034,0
"Greece","GRBM00X00",2035,0
"Greece","GRBM00X00",2036,0
"Greece","GRBM00X00",2037,0
"Greece","GRBM00X00",2038,0
"Greece","GRBM00X00",2039,0
"Greece","GRBM00X00",2040,0
"Greece","GRBM00X00",2041,0
"Greece","GRBM00X00",2042,0
"Greece","GRBM00X00",2043,0
"Greece","GRBM00X00",2044,0
"Greece","GRBM00X00",2045,0
"Greece","GRBM00X00",2046,0
"Greece","GRBM00X00",2047,0
"Greece","GRBM00X00",2048,0
"Greece","GRBM00X00",2049,0
"Greece","GRBM00X00",2050,0
"Greece","GRCO00I00",2019,0
"Greece","GRCO00I00",2020,0
"Greece","GRCO00I00",2021,0
"Greece","GRCO00I00",2022,0
"Greece","GRCO00I00",2023,0
"Greece","GRCO00I00",2024,0
"Greece","GRCO00I00",2025,0
"Greece","GRCO00I00",2026,0
"Greece","GRCO00I00",2027,0
"Greece","GRCO00I00",2028,0
"Greece","GRCO00I00",2029,0
"Greece","GRCO00I00",2030,0
"Greece","GRCO00I00",2031,0
"Greece","GRCO00I00",2032,0
"Greece","GRCO00I00",2033,0
"Greece","GRCO00I00",2034,0
"Greece","GRCO00I00",2035,0
"Greece","GRCO00I00",2036,0
"Greece","GRCO00I00",2037,0
"Greece","GRCO00I00",2038,0
"Greece","GRCO00I00",2039,0
"Greece","GRCO00I00",2040,0
"Greece","GRCO00I00",2041,0
"Greece","GRCO00I00",2042,0
"Greece","GRCO00I00",2043,0
"Greece","GRCO00I00",2044,0
"Greece","GRCO00I00",2045,0
"Greece","GRCO00I00",2046,0
"Greece","GRCO00I00",2047,0
"Greece","GRCO00I00",2048,0
"Greece","GRCO00I00",2049,0
"Greece","GRCO00I00",2050,0
"Greece","GRCO00X00",2019,0
"Greece","GRCO00X00",2020,0
"Greece","GRCO00X00",2021,0
"Greece","GRCO00X00",2022,0
"Greece","GRCO00X00",2023,0
"Greece","GRCO00X00",2024,0
"Greece","GRCO00X00",2025,0
"Greece","GRCO00X00",2026,0
"Greece","GRCO00X00",2027,0
"Greece","GRCO00X00",2028,0
"Greece","GRCO00X00",2029,0
"Greece","GRCO00X00",2030,0
"Greece","GRCO00X00",2031,0
"Greece","GRCO00X00",2032,0
"Greece","GRCO00X00",2033,0
"Greece","GRCO00X00",2034,0
"Greece","GRCO00X00",2035,0
"Greece","GRCO00X00",2036,0
"Greece","GRCO00X00",2037,0
"Greece","GRCO00X00",2038,0
"Greece","GRCO00X00",2039,0
"Greece","GRCO00X00",2040,0
"Greece","GRCO00X00",2041,0
"Greece","GRCO00X00",2042,0
"Greece","GRCO00X00",2043,0
"Greece","GRCO00X00",2044,0
"Greece","GRCO00X00",2045,0
"Greece","GRCO00X00",2046,0
"Greece","GRCO00X00",2047,0
"Greece","GRCO00X00",2048,0
"Greece","GRCO00X00",2049,0
"Greece","GRCO00X00",2050,0
"Greece","GRELALBP0",2019,30.42
"Greece","GRELALBP0",2020,30.12
"Greece","GRELALBP0",2021,29.84
"Greece","GRELALBP0",2022,29.54
"Greece","GRELALBP0",2023,29.24
"Greece","GRELALBP0",2024,28.96
"Greece","GRELALBP0",2025,28.66
"Greece","GRELALBP0",2026,28.36
"Greece","GRELALBP0",2027,28.08
"Greece","GRELALBP0",2028,27.78
"Greece","GRELALBP0",2029,27.48
"Greece","GRELALBP0",2030,27.2
"Greece","GRELALBP0",2031,27.04
"Greece","GRELALBP0",2032,26.88
"Greece","GRELALBP0",2033,26.72
"Greece","GRELALBP0",2034,26.56
"Greece","GRELALBP0",2035,26.4
"Greece","GRELALBP0",2036,26.24
"Greece","GRELALBP0",2037,26.08
"Greece","GRELALBP0",2038,25.92
"Greece","GRELALBP0",2039,25.76
"Greece","GRELALBP0",2040,25.6
"Greece","GRELALBP0",2041,25.44
"Greece","GRELALBP0",2042,25.28
"Greece","GRELALBP0",2043,25.12
"Greece","GRELALBP0",2044,24.96
"Greece","GRELALBP0",2045,24.8
"Greece","GRELALBP0",2046,24.64
"Greece","GRELALBP0",2047,24.48
"Greece","GRELALBP0",2048,24.32
"Greece","GRELALBP0",2049,24.16
"Greece","GRELALBP0",2050,24
"Greece","GRHF00I00",2019,0
"Greece","GRHF00I00",2020,0
"Greece","GRHF00I00",2021,0
"Greece","GRHF00I00",2022,0
"Greece","GRHF00I00",2023,0
"Greece","GRHF00I00",2024,0
"Greece","GRHF00I00",2025,0
"Greece","GRHF00I00",2026,0
"Greece","GRHF00I00",2027,0
"Greece","GRHF00I00",2028,0
"Greece","GRHF00I00",2029,0
"Greece","GRHF00I00",2030,0
"Greece","GRHF00I00",2031,0
"Greece","GRHF00I00",2032,0
"Greece","GRHF00I00",2033,0
"Greece","GRHF00I00",2034,0
"Greece","GRHF00I00",2035,0
"Greece","GRHF00I00",2036,0
"Greece","GRHF00I00",2037,0
"Greece","GRHF00I00",2038,0
"Greece","GRHF00I00",2039,0
"Greece","GRHF00I00",2040,0
"Greece","GRHF00I00",2041,0
"Greece","GRHF00I00",2042,0
"Greece","GRHF00I00",2043,0
"Greece","GRHF00I00",2044,0
"Greece","GRHF00I00",2045,0
"Greece","GRHF00I00",2046,0
"Greece","GRHF00I00",2047,0
"Greece","GRHF00I00",2048,0
"Greece","GRHF00I00",2049,0
"Greece","GRHF00I00",2050,0
"Greece","GRMBACKSTOP",2019,803145.0534624
"Greece","GRMBACKSTOP",2020,828998.0199072
"Greece","GRMBACKSTOP",2021,852706.7527968
"Greece","GRMBACKSTOP",2022,852706.7527968
"Greece","GRMBACKSTOP",2023,852706.7527968
"Greece","GRMBACKSTOP",2024,852706.7527968
"Greece","GRMBACKSTOP",2025,852706.7527968
"Greece","GRMBACKSTOP",2026,852706.7527968
"Greece","GRMBACKSTOP",2027,852706.7527968
"Greece","GRMBACKSTOP",2028,852706.7527968
"Greece","GRMBACKSTOP",2029,852706.7527968
"Greece","GRMBACKSTOP",2030,852706.7527968
"Greece","GRMBACKSTOP",2031,852706.7527968
"Greece","GRMBACKSTOP",2032,852706.7527968
"Greece","GRMBACKSTOP",2033,852706.7527968
"Greece","GRMBACKSTOP",2034,852706.7527968
"Greece","GRMBACKSTOP",2035,852706.7527968
"Greece","GRMBACKSTOP",2036,852706.7527968
"Greece","GRMBACKSTOP",2037,852706.7527968
"Greece","GRMBACKSTOP",2038,852706.7527968
"Greece","GRMBACKSTOP",2039,852706.7527968
"Greece","GRMBACKSTOP",2040,852706.7527968
"Greece","GRMBACKSTOP",2041,852706.7527968
"Greece","GRMBACKSTOP",2042,852706.7527968
"Greece","GRMBACKSTOP",2043,852706.7527968
"Greece","GRMBACKSTOP",2044,852706.7527968
"Greece","GRMBACKSTOP",2045,852706.7527968
"Greece","GRMBACKSTOP",2046,852706.7527968
"Greece","GRMBACKSTOP",2047,852706.7527968
"Greece","GRMBACKSTOP",2048,852706.7527968
"Greece","GRMBACKSTOP",2049,852706.7527968
"Greece","GRMBACKSTOP",2050,852706.7527968
"Greece","GRMBMCHP00",2019,4.3144
"Greece","GRMBMCHP00",2020,4.7871
"Greece","GRMBMCHP00",2021,5.245
"Greece","GRMBMCHP00",2022,15.513
"Greece","GRMBMCHP00",2023,25.485
"Greece","GRMBMCHP00",2024,35.168
"Greece","GRMBMCHP00",2025,34.65
"Greece","GRMBMCHP00",2026,34.132
"Greece","GRMBMCHP00",2027,43.218
"Greece","GRMBMCHP00",2028,42.561
"Greece","GRMBMCHP00",2029,41.895
"Greece","GRMBMCHP00",2030,41.229
"Greece","GRMBMCHP00",2031,41.139
"Greece","GRMBMCHP00",2032,41.049
"Greece","GRMBMCHP00",2033,50.05
"Greece","GRMBMCHP00",2034,59.02
"Greece","GRMBMCHP00",2035,67.95
"Greece","GRMBMCHP00",2036,67.8
"Greece","GRMBMCHP00",2037,67.635
"Greece","GRMBMCHP00",2038,67.485
"Greece","GRMBMCHP00",2039,67.335
"Greece","GRMBMCHP00",2040,67.17
"Greece","GRMBMCHP00",2041,67.035
"Greece","GRMBMCHP00",2042,66.9
"Greece","GRMBMCHP00",2043,66.765
"Greece","GRMBMCHP00",2044,66.63
"Greece","GRMBMCHP00",2045,66.495
"Greece","GRMBMCHP00",2046,66.36
"Greece","GRMBMCHP00",2047,66.21
"Greece","GRMBMCHP00",2048,66.075
"Greece","GRMBMCHP00",2049,65.94
"Greece","GRMBMCHP00",2050,65.805
"Greece","GRMCOSCP00",2019,205.92
"Greece","GRMCOSCP00",2020,204.36
"Greece","GRMCOSCP00",2021,146.6682
"Greece","GRMCOSCP00",2022,145.5402
"Greece","GRMCOSCP00",2023,144.4122
"Greece","GRMCOSCP00",2024,0
"Greece","GRMCOSCP00",2025,0
"Greece","GRMCOSCP00",2026,0
"Greece","GRMCOSCP00",2027,0
"Greece","GRMCOSCP00",2028,0
"Greece","GRMCOSCP00",2029,0
"Greece","GRMCOSCP00",2030,0
"Greece","GRMCOSCP00",2031,0
"Greece","GRMCOSCP00",2032,0
"Greece","GRMCOSCP00",2033,0
"Greece","GRMCOSCP00",2034,0
"Greece","GRMCOSCP00",2035,0
"Greece","GRMCOSCP00",2036,0
"Greece","GRMCOSCP00",2037,0
"Greece","GRMCOSCP00",2038,0
"Greece","GRMCOSCP00",2039,0
"Greece","GRMCOSCP00",2040,0
"Greece","GRMCOSCP00",2041,0
"Greece","GRMCOSCP00",2042,0
"Greece","GRMCOSCP00",2043,0
"Greece","GRMCOSCP00",2044,0
"Greece","GRMCOSCP00",2045,0
"Greece","GRMCOSCP00",2046,0
"Greece","GRMCOSCP00",2047,0
"Greece","GRMCOSCP00",2048,0
"Greece","GRMCOSCP00",2049,0
"Greece","GRMCOSCP00",2050,0
"Greece","GRMCOSCP00_Ptol",2019,0
"Greece","GRMCOSCP00_Ptol",2020,0
"Greece","GRMCOSCP00_Ptol",2021,0
"Greece","GRMCOSCP00_Ptol",2022,0
"Greece","GRMCOSCP00_Ptol",2023,35.847
"Greece","GRMCOSCP00_Ptol",2024,35.574
"Greece","GRMCOSCP00_Ptol",2025,35.294
"Greece","GRMCOSCP00_Ptol",2026,35.014
"Greece","GRMCOSCP00_Ptol",2027,34.741
"Greece","GRMCOSCP00_Ptol",2028,34.461
"Greece","GRMCOSCP00_Ptol",2029,0
"Greece","GRMCOSCP00_Ptol",2030,0
"Greece","GRMCOSCP00_Ptol",2031,0
"Greece","GRMCOSCP00_Ptol",2032,0
"Greece","GRMCOSCP00_Ptol",2033,0
"Greece","GRMCOSCP00_Ptol",2034,0
"Greece","GRMCOSCP00_Ptol",2035,0
"Greece","GRMCOSCP00_Ptol",2036,0
"Greece","GRMCOSCP00_Ptol",2037,0
"Greece","GRMCOSCP00_Ptol",2038,0
"Greece","GRMCOSCP00_Ptol",2039,0
"Greece","GRMCOSCP00_Ptol",2040,0
"Greece","GRMCOSCP00_Ptol",2041,0
"Greece","GRMCOSCP00_Ptol",2042,0
"Greece","GRMCOSCP00_Ptol",2043,0
"Greece","GRMCOSCP00_Ptol",2044,0
"Greece","GRMCOSCP00_Ptol",2045,0
"Greece","GRMCOSCP00_Ptol",2046,0
"Greece","GRMCOSCP00_Ptol",2047,0
"Greece","GRMCOSCP00_Ptol",2048,0
"Greece","GRMCOSCP00_Ptol",2049,0
"Greece","GRMCOSCP00_Ptol",2050,0
"Greece","GRMEL00T00",2019,94.302
"Greece","GRMEL00T00",2020,93.372
"Greece","GRMEL00T00",2021,92.504
"Greece","GRMEL00T00",2022,135.761455884234
"Greece","GRMEL00T00",2023,134.442887413143
"Greece","GRMEL00T00",2024,133.215083281495
"Greece","GRMEL00T00",2025,131.894085923058
"Greece","GRMEL00T00",2026,130.571853537158
"Greece","GRMEL00T00",2027,129.340508993449
"Greece","GRMEL00T00",2028,128.015847720204
"Greece","GRMEL00T00",2029,127.352961809278
"Greece","GRMEL00T00",2030,126.111321289127
"Greece","GRMEL00T00",2031,126.174626819315
"Greece","GRMEL00T00",2032,126.228404102971
"Greece","GRMEL00T00",2033,126.272653140097
"Greece","GRMEL00T00",2034,126.948187466084
"Greece","GRMEL00T00",2035,126.969519687645
"Greece","GRMEL00T00",2036,126.981323662674
"Greece","GRMEL00T00",2037,126.983599391172
"Greece","GRMEL00T00",2038,127.601719118523
"Greece","GRMEL00T00",2039,127.581078031456
"Greece","GRMEL00T00",2040,127.550908697858
"Greece","GRMEL00T00",2041,128.125002395606
"Greece","GRMEL00T00",2042,128.071916246443
"Greece","GRMEL00T00",2043,128.102136633358
"Greece","GRMEL00T00",2044,130.297251009199
"Greece","GRMEL00T00",2045,130.658712196413
"Greece","GRMEL00T00",2046,131.004732093618
"Greece","GRMEL00T00",2047,131.335310700814
"Greece","GRMEL00T00",2048,132.237217038361
"Greece","GRMEL00T00",2049,133.917000569122
"Greece","GRMEL00T00",2050,133.8334471577
"Greece","GRMHFSTP00",2019,29.568
"Greece","GRMHFSTP00",2020,29.568
"Greece","GRMHFSTP00",2021,29.568
"Greece","GRMHFSTP00",2022,29.568
"Greece","GRMHFSTP00",2023,16.8
"Greece","GRMHFSTP00",2024,16.8
"Greece","GRMHFSTP00",2025,16.8
"Greece","GRMHFSTP00",2026,16.8
"Greece","GRMHFSTP00",2027,16.8
"Greece","GRMHFSTP00",2028,16.8
"Greece","GRMHFSTP00",2029,16.8
"Greece","GRMHFSTP00",2030,16.8
"Greece","GRMHFSTP00",2031,0
"Greece","GRMHFSTP00",2032,0
"Greece","GRMHFSTP00",2033,0
"Greece","GRMHFSTP00",2034,0
"Greece","GRMHFSTP00",2035,0
"Greece","GRMHFSTP00",2036,0
"Greece","GRMHFSTP00",2037,0
"Greece","GRMHFSTP00",2038,0
"Greece","GRMHFSTP00",2039,0
"Greece","GRMHFSTP00",2040,0
"Greece","GRMHFSTP00",2041,0
"Greece","GRMHFSTP00",2042,0
"Greece","GRMHFSTP00",2043,0
"Greece","GRMHFSTP00",2044,0
"Greece","GRMHFSTP00",2045,0
"Greece","GRMHFSTP00",2046,0
"Greece","GRMHFSTP00",2047,0
"Greece","GRMHFSTP00",2048,0
"Greece","GRMHFSTP00",2049,0
"Greece","GRMHFSTP00",2050,0
"Greece","GRMHYDMS01",2019,18
"Greece","GRMHYDMS01",2020,18.75
"Greece","GRMHYDMS01",2021,19.5
"Greece","GRMHYDMS01",2022,19.5
"Greece","GRMHYDMS01",2023,19.5
"Greece","GRMHYDMS01",2024,19.5
"Greece","GRMHYDMS01",2025,19.5
"Greece","GRMHYDMS01",2026,19.5
"Greece","GRMHYDMS01",2027,19.5
"Greece","GRMHYDMS01",2028,19.5
"Greece","GRMHYDMS01",2029,19.5
"Greece","GRMHYDMS01",2030,19.5
"Greece","GRMHYDMS01",2031,19.5
"Greece","GRMHYDMS01",2032,19.5
"Greece","GRMHYDMS01",2033,19.5
"Greece","GRMHYDMS01",2034,19.5
"Greece","GRMHYDMS01",2035,19.5
"Greece","GRMHYDMS01",2036,19.5
"Greece","GRMHYDMS01",2037,19.5
"Greece","GRMHYDMS01",2038,19.5
"Greece","GRMHYDMS01",2039,19.5
"Greece","GRMHYDMS01",2040,19.5
"Greece","GRMHYDMS01",2041,19.5
"Greece","GRMHYDMS01",2042,19.5
"Greece","GRMHYDMS01",2043,33.2040510086951
"Greece","GRMHYDMS01",2044,51.9540510086951
"Greece","GRMHYDMS01",2045,70.7040510086951
"Greece","GRMHYDMS01",2046,89.4540510086951
"Greece","GRMHYDMS01",2047,108.204051008695
"Greece","GRMHYDMS01",2048,126.954051008695
"Greece","GRMHYDMS01",2049,145.704051008695
"Greece","GRMHYDMS01",2050,157.5
"Greece","GRMHYDMS02",2019,11.475
"Greece","GRMHYDMS02",2020,11.475
"Greece","GRMHYDMS02",2021,11.475
"Greece","GRMHYDMS02",2022,11.475
"Greece","GRMHYDMS02",2023,11.475
"Greece","GRMHYDMS02",2024,11.475
"Greece","GRMHYDMS02",2025,11.475
"Greece","GRMHYDMS02",2026,11.475
"Greece","GRMHYDMS02",2027,11.475
"Greece","GRMHYDMS02",2028,11.475
"Greece","GRMHYDMS02",2029,11.475
"Greece","GRMHYDMS02",2030,11.475
"Greece","GRMHYDMS02",2031,11.475
"Greece","GRMHYDMS02",2032,11.475
"Greece","GRMHYDMS02",2033,11.475
"Greece","GRMHYDMS02",2034,11.475
"Greece","GRMHYDMS02",2035,11.475
"Greece","GRMHYDMS02",2036,11.475
"Greece","GRMHYDMS02",2037,11.475
"Greece","GRMHYDMS02",2038,11.475
"Greece","GRMHYDMS02",2039,11.475
"Greece","GRMHYDMS02",2040,11.475
"Greece","GRMHYDMS02",2041,11.475
"Greece","GRMHYDMS02",2042,11.475
"Greece","GRMHYDMS02",2043,11.475
"Greece","GRMHYDMS02",2044,11.475
"Greece","GRMHYDMS02",2045,11.475
"Greece","GRMHYDMS02",2046,11.475
"Greece","GRMHYDMS02",2047,11.475
"Greece","GRMHYDMS02",2048,11.475
"Greece","GRMHYDMS02",2049,11.475
"Greece","GRMHYDMS02",2050,11.475
"Greece","GRMHYDMS03",2019,180
"Greece","GRMHYDMS03",2020,180
"Greece","GRMHYDMS03",2021,180
"Greece","GRMHYDMS03",2022,180
"Greece","GRMHYDMS03",2023,180
"Greece","GRMHYDMS03",2024,180
"Greece","GRMHYDMS03",2025,180
"Greece","GRMHYDMS03",2026,180
"Greece","GRMHYDMS03",2027,180
"Greece","GRMHYDMS03",2028,180
"Greece","GRMHYDMS03",2029,180
"Greece","GRMHYDMS03",2030,180
"Greece","GRMHYDMS03",2031,180
"Greece","GRMHYDMS03",2032,180
"Greece","GRMHYDMS03",2033,180
"Greece","GRMHYDMS03",2034,180
"Greece","GRMHYDMS03",2035,180
"Greece","GRMHYDMS03",2036,180
"Greece","GRMHYDMS03",2037,180
"Greece","GRMHYDMS03",2038,180
"Greece","GRMHYDMS03",2039,180
"Greece","GRMHYDMS03",2040,180
"Greece","GRMHYDMS03",2041,180
"Greece","GRMHYDMS03",2042,180
"Greece","GRMHYDMS03",2043,180
"Greece","GRMHYDMS03",2044,180
"Greece","GRMHYDMS03",2045,180
"Greece","GRMHYDMS03",2046,180
"Greece","GRMHYDMS03",2047,180
"Greece","GRMHYDMS03",2048,180
"Greece","GRMHYDMS03",2049,180
"Greece","GRMHYDMS03",2050,180
"Greece","GRMNGCCP00",2019,79.8
"Greece","GRMNGCCP00",2020,85.008
"Greece","GRMNGCCP00",2021,85.008
"Greece","GRMNGCCP00",2022,85.008
"Greece","GRMNGCCP00",2023,85.008
"Greece","GRMNGCCP00",2024,85.008
"Greece","GRMNGCCP00",2025,85.008
"Greece","GRMNGCCP00",2026,85.008
"Greece","GRMNGCCP00",2027,85.008
"Greece","GRMNGCCP00",2028,85.008
"Greece","GRMNGCCP00",2029,85.008
"Greece","GRMNGCCP00",2030,85.008
"Greece","GRMNGCCP00",2031,85.008
"Greece","GRMNGCCP00",2032,85.008
"Greece","GRMNGCCP00",2033,85.008
"Greece","GRMNGCCP00",2034,85.008
"Greece","GRMNGCCP00",2035,85.008
"Greece","GRMNGCCP00",2036,85.008
"Greece","GRMNGCCP00",2037,85.008
"Greece","GRMNGCCP00",2038,85.008
"Greece","GRMNGCCP00",2039,85.008
"Greece","GRMNGCCP00",2040,85.008
"Greece","GRMNGCCP00",2041,85.008
"Greece","GRMNGCCP00",2042,85.008
"Greece","GRMNGCCP00",2043,85.008
"Greece","GRMNGCCP00",2044,85.008
"Greece","GRMNGCCP00",2045,85.008
"Greece","GRMNGCCP00",2046,85.008
"Greece","GRMNGCCP00",2047,85.008
"Greece","GRMNGCCP00",2048,85.008
"Greece","GRMNGCCP00",2049,5.208
"Greece","GRMNGCCP00",2050,0
"Greece","GRMNGGCP00",2019,1.557
"Greece","GRMNGGCP00",2020,1.557
"Greece","GRMNGGCP00",2021,1.557
"Greece","GRMNGGCP00",2022,1.557
"Greece","GRMNGGCP00",2023,1.557
"Greece","GRMNGGCP00",2024,1.557
"Greece","GRMNGGCP00",2025,1.557
"Greece","GRMNGGCP00",2026,1.557
"Greece","GRMNGGCP00",2027,1.557
"Greece","GRMNGGCP00",2028,1.557
"Greece","GRMNGGCP00",2029,1.557
"Greece","GRMNGGCP00",2030,1.557
"Greece","GRMNGGCP00",2031,1.557
"Greece","GRMNGGCP00",2032,1.557
"Greece","GRMNGGCP00",2033,1.557
"Greece","GRMNGGCP00",2034,1.557
"Greece","GRMNGGCP00",2035,1.557
"Greece","GRMNGGCP00",2036,1.557
"Greece","GRMNGGCP00",2037,1.557
"Greece","GRMNGGCP00",2038,1.557
"Greece","GRMNGGCP00",2039,1.557
"Greece","GRMNGGCP00",2040,1.557
"Greece","GRMNGGCP00",2041,1.557
"Greece","GRMNGGCP00",2042,1.557
"Greece","GRMNGGCP00",2043,1.557
"Greece","GRMNGGCP00",2044,1.557
"Greece","GRMNGGCP00",2045,1.557
"Greece","GRMNGGCP00",2046,1.557
"Greece","GRMNGGCP00",2047,1.557
"Greece","GRMNGGCP00",2048,1.557
"Greece","GRMNGGCP00",2049,0
"Greece","GRMNGGCP00",2050,0
"Greece","GRMSOC1P00",2019,0
"Greece","GRMSOC1P00",2020,0
"Greece","GRMSOC1P00",2021,0
"Greece","GRMSOC1P00",2022,0
"Greece","GRMSOC1P00",2023,0
"Greece","GRMSOC1P00",2024,0
"Greece","GRMSOC1P00",2025,0
"Greece","GRMSOC1P00",2026,0
"Greece","GRMSOC1P00",2027,0
"Greece","GRMSOC1P00",2028,0
"Greece","GRMSOC1P00",2029,0
"Greece","GRMSOC1P00",2030,0
"Greece","GRMSOC1P00",2031,0
"Greece","GRMSOC1P00",2032,0
"Greece","GRMSOC1P00",2033,0
"Greece","GRMSOC1P00",2034,0
"Greece","GRMSOC1P00",2035,0
"Greece","GRMSOC1P00",2036,0
"Greece","GRMSOC1P00",2037,0
"Greece","GRMSOC1P00",2038,0
"Greece","GRMSOC1P00",2039,0
"Greece","GRMSOC1P00",2040,0
"Greece","GRMSOC1P00",2041,0
"Greece","GRMSOC1P00",2042,0
"Greece","GRMSOC1P00",2043,0
"Greece","GRMSOC1P00",2044,0
"Greece","GRMSOC1P00",2045,0
"Greece","GRMSOC1P00",2046,0
"Greece","GRMSOC1P00",2047,0
"Greece","GRMSOC1P00",2048,0
"Greece","GRMSOC1P00",2049,32.4
"Greece","GRMSOC1P00",2050,32.5
"Greece","GRMSOU1P03",2019,61.4922
"Greece","GRMSOU1P03",2020,70.4418
"Greece","GRMSOU1P03",2021,83.3412
"Greece","GRMSOU1P03",2022,96.9147
"Greece","GRMSOU1P03",2023,109.4382
"Greece","GRMSOU1P03",2024,120.9117
"Greece","GRMSOU1P03",2025,131.3981
"Greece","GRMSOU1P03",2026,140.7786
"Greece","GRMSOU1P03",2027,149.1091
"Greece","GRMSOU1P03",2028,156.3896
"Greece","GRMSOU1P03",2029,161.01
"Greece","GRMSOU1P03",2030,154.26
"Greece","GRMSOU1P03",2031,164.8725
"Greece","GRMSOU1P03",2032,162.63
"Greece","GRMSOU1P03",2033,160.3875
"Greece","GRMSOU1P03",2034,168.991571767924
"Greece","GRMSOU1P03",2035,178.587767112769
"Greece","GRMSOU1P03",2036,176.130649616533
"Greece","GRMSOU1P03",2037,173.561844961377
"Greece","GRMSOU1P03",2038,170.993040306222
"Greece","GRMSOU1P03",2039,168.424235651066
"Greece","GRMSOU1P03",2040,165.855430995911
"Greece","GRMSOU1P03",2041,163.286626340755
"Greece","GRMSOU1P03",2042,160.7178216856
"Greece","GRMSOU1P03",2043,158.260704189364
"Greece","GRMSOU1P03",2044,157.347917439428
"Greece","GRMSOU1P03",2045,156.18322721609
"Greece","GRMSOU1P03",2046,153.563085548716
"Greece","GRMSOU1P03",2047,160.880443881342
"Greece","GRMSOU1P03",2048,167.852802213967
"Greece","GRMSOU1P03",2049,143.640579749522
"Greece","GRMSOU1P03",2050,144.956238082148
"Greece","GRMSOV1F01",2019,11.3324
"Greece","GRMSOV1F01",2020,11.5541
"Greece","GRMSOV1F01",2021,12.2811
"Greece","GRMSOV1F01",2022,18.2736
"Greece","GRMSOV1F01",2023,23.9008
"Greece","GRMSOV1F01",2024,29.1458
"Greece","GRMSOV1F01",2025,34.0305
"Greece","GRMSOV1F01",2026,38.528
"Greece","GRMSOV1F01",2027,42.6702
"Greece","GRMSOV1F01",2028,46.4202
"Greece","GRMSOV1F01",2029,49.8199
"Greece","GRMSOV1F01",2030,52.8224
"Greece","GRMSOV1F01",2031,54.1158
"Greece","GRMSOV1F01",2032,55.3632
"Greece","GRMSOV1F01",2033,56.5948
"Greece","GRMSOV1F01",2034,57.7512
"Greece","GRMSOV1F01",2035,58.8616
"Greece","GRMSOV1F01",2036,59.926
"Greece","GRMSOV1F01",2037,60.9444
"Greece","GRMSOV1F01",2038,61.9168
"Greece","GRMSOV1F01",2039,62.8794
"Greece","GRMSOV1F01",2040,63.7608
"Greece","GRMSOV1F01",2041,64.5962
"Greece","GRMSOV1F01",2042,65.3856
"Greece","GRMSOV1F01",2043,65.8
"Greece","GRMSOV1F01",2044,64.88
"Greece","GRMSOV1F01",2045,63.96
"Greece","GRMSOV1F01",2046,63.08
"Greece","GRMSOV1F01",2047,62.16
"Greece","GRMSOV1F01",2048,61.24
"Greece","GRMSOV1F01",2049,55.6452
"Greece","GRMSOV1F01",2050,55.9845
"Greece","GRMWIP00",2019,89.167
"Greece","GRMWIP00",2020,101.4756
"Greece","GRMWIP00",2021,107.8623
"Greece","GRMWIP00",2022,128.38
"Greece","GRMWIP00",2023,148.8396
"Greece","GRMWIP00",2024,169.1972
"Greece","GRMWIP00",2025,189.3749
"Greece","GRMWIP00",2026,209.52
"Greece","GRMWIP00",2027,229.4682
"Greece","GRMWIP00",2028,249.4008
"Greece","GRMWIP00",2029,269.2314
"Greece","GRMWIP00",2030,287.88
"Greece","GRMWIP00",2031,308.2715
"Greece","GRMWIP00",2032,328.663
"Greece","GRMWIP00",2033,349.0545
"Greece","GRMWIP00",2034,369.446
"Greece","GRMWIP00",2035,389.8375
"Greece","GRMWIP00",2036,402.834067041806
"Greece","GRMWIP00",2037,414.611453460401
"Greece","GRMWIP00",2038,432.661909636528
"Greece","GRMWIP00",2039,442.526080504147
"Greece","GRMWIP00",2040,448.332916214662
"Greece","GRMWIP00",2041,448.391019859142
"Greece","GRMWIP00",2042,446.13779865382
"Greece","GRMWIP00",2043,444.072345882275
"Greece","GRMWIP00",2044,442.529347158175
"Greece","GRMWIP00",2045,440.460574179535
"Greece","GRMWIP00",2046,438.391801200895
"Greece","GRMWIP00",2047,436.134957951469
"Greece","GRMWIP00",2048,441.087549570062
"Greece","GRMWIP00",2049,367.388600092229
"Greece","GRMWIP00",2050,365.399963070881
"Greece","GRMWIP01",2019,0
"Greece","GRMWIP01",2020,0
"Greece","GRMWIP01",2021,0
"Greece","GRMWIP01",2022,0
"Greece","GRMWIP01",2023,0
"Greece","GRMWIP01",2024,0
"Greece","GRMWIP01",2025,0
"Greece","GRMWIP01",2026,0
"Greece","GRMWIP01",2027,0
"Greece","GRMWIP01",2028,0
"Greece","GRMWIP01",2029,0
"Greece","GRMWIP01",2030,5.76720516945991
"Greece","GRMWIP01",2031,14.5272557852426
"Greece","GRMWIP01",2032,23.1723064010254
"Greece","GRMWIP01",2033,31.7023570168081
"Greece","GRMWIP01",2034,40.1174076325908
"Greece","GRMWIP01",2035,48.4174582483735
"Greece","GRMWIP01",2036,48.0925088641563
"Greece","GRMWIP01",2037,47.7816877140354
"Greece","GRMWIP01",2038,47.4567383298181
"Greece","GRMWIP01",2039,50.8326541353521
"Greece","GRMWIP01",2040,58.7646891937715
"Greece","GRMWIP01",2041,66.824575526059
"Greece","GRMWIP01",2042,72.0468972896328
"Greece","GRMWIP01",2043,73.7775
"Greece","GRMWIP01",2044,81.675
"Greece","GRMWIP01",2045,81.4
"Greece","GRMWIP01",2046,81.125
"Greece","GRMWIP01",2047,80.825
"Greece","GRMWIP01",2048,88.605
"Greece","GRMWIP01",2049,96.3
"Greece","GRMWIP01",2050,95.97
"Greece","GRNG00I00",2019,0
"Greece","GRNG00I00",2020,0
"Greece","GRNG00I00",2021,0
"Greece","GRNG00I00",2022,0
"Greece","GRNG00I00",2023,0
"Greece","GRNG00I00",2024,0
"Greece","GRNG00I00",2025,0
"Greece","GRNG00I00",2026,0
"Greece","GRNG00I00",2027,0
"Greece","GRNG00I00",2028,0
"Greece","GRNG00I00",2029,0
"Greece","GRNG00I00",2030,0
"Greece","GRNG00I00",2031,0
"Greece","GRNG00I00",2032,0
"Greece","GRNG00I00",2033,0
"Greece","GRNG00I00",2034,0
"Greece","GRNG00I00",2035,0
"Greece","GRNG00I00",2036,0
"Greece","GRNG00I00",2037,0
"Greece","GRNG00I00",2038,0
"Greece","GRNG00I00",2039,0
"Greece","GRNG00I00",2040,0
"Greece","GRNG00I00",2041,0
"Greece","GRNG00I00",2042,0
"Greece","GRNG00I00",2043,0
"Greece","GRNG00I00",2044,0
"Greece","GRNG00I00",2045,0
"Greece","GRNG00I00",2046,0
"Greece","GRNG00I00",2047,0
"Greece","GRNG00I00",2048,0
"Greece","GRNG00I00",2049,0
"Greece","GRNG00I00",2050,0
"Greece","NGCHPPWR",2019,0
"Greece","NGCHPPWR",2020,0
"Greece","NGCHPPWR",2021,0
"Greece","NGCHPPWR",2022,0
"Greece","NGCHPPWR",2023,0
"Greece","NGCHPPWR",2024,0
"Greece","NGCHPPWR",2025,0
"Greece","NGCHPPWR",2026,0
"Greece","NGCHPPWR",2027,0
"Greece","NGCHPPWR",2028,0
"Greece","NGCHPPWR",2029,0
"Greece","NGCHPPWR",2030,0
"Greece","NGCHPPWR",2031,0
"Greece","NGCHPPWR",2032,0
"Greece","NGCHPPWR",2033,0
"Greece","NGCHPPWR",2034,0
"Greece","NGCHPPWR",2035,0
"Greece","NGCHPPWR",2036,0
"Greece","NGCHPPWR",2037,0
"Greece","NGCHPPWR",2038,0
"Greece","NGCHPPWR",2039,0
"Greece","NGCHPPWR",2040,0
"Greece","NGCHPPWR",2041,0
"Greece","NGCHPPWR",2042,0
"Greece","NGCHPPWR",2043,0
"Greece","NGCHPPWR",2044,0
"Greece","NGCHPPWR",2045,0
"Greece","NGCHPPWR",2046,0
"Greece","NGCHPPWR",2047,0
"Greece","NGCHPPWR",2048,0
"Greece","NGCHPPWR",2049,0
"Greece","NGCHPPWR",2050,0
"Greece","NGSPROD",2019,0
"Greece","NGSPROD",2020,0
"Greece","NGSPROD",2021,0
"Greece","NGSPROD",2022,0
"Greece","NGSPROD",2023,0
"Greece","NGSPROD",2024,0
"Greece","NGSPROD",2025,0
"Greece","NGSPROD",2026,0
"Greece","NGSPROD",2027,0
"Greece","NGSPROD",2028,0
"Greece","NGSPROD",2029,0
"Greece","NGSPROD",2030,0
"Greece","NGSPROD",2031,0
"Greece","NGSPROD",2032,0
"Greece","NGSPROD",2033,0
"Greece","NGSPROD",2034,0
"Greece","NGSPROD",2035,0
"Greece","NGSPROD",2036,0
"Greece","NGSPROD",2037,0
"Greece","NGSPROD",2038,0
"Greece","NGSPROD",2039,0
"Greece","NGSPROD",2040,0
"Greece","NGSPROD",2041,0
"Greece","NGSPROD",2042,0
"Greece","NGSPROD",2043,0
"Greece","NGSPROD",2044,0
"Greece","NGSPROD",2045,0
"Greece","NGSPROD",2046,0
"Greece","NGSPROD",2047,0
"Greece","NGSPROD",2048,0
"Greece","NGSPROD",2049,0
"Greece","NGSPROD",2050,0
"Greece","OILPROD",2019,0
"Greece","OILPROD",2020,0
"Greece","OILPROD",2021,0
"Greece","OILPROD",2022,0
"Greece","OILPROD",2023,0
"Greece","OILPROD",2024,0
"Greece","OILPROD",2025,0
"Greece","OILPROD",2026,0
"Greece","OILPROD",2027,0
"Greece","OILPROD",2028,0
"Greece","OILPROD",2029,0
"Greece","OILPROD",2030,0
"Greece","OILPROD",2031,0
"Greece","OILPROD",2032,0
"Greece","OILPROD",2033,0
"Greece","OILPROD",2034,0
"Greece","OILPROD",2035,0
"Greece","OILPROD",2036,0
"Greece","OILPROD",2037,0
"Greece","OILPROD",2038,0
"Greece","OILPROD",2039,0
"Greece","OILPROD",2040,0
"Greece","OILPROD",2041,0
"Greece","OILPROD",2042,0
"Greece","OILPROD",2043,0
"Greece","OILPROD",2044,0
"Greece","OILPROD",2045,0
"Greece","OILPROD",2046,0
"Greece","OILPROD",2047,0
"Greece","OILPROD",2048,0
"Greece","OILPROD",2049,0
"Greece","OILPROD",2050,0
"Greece","PUMP",2019,0
"Greece","PUMP",2020,0
"Greece","PUMP",2021,0
"Greece","PUMP",2022,0
"Greece","PUMP",2023,0
"Greece","PUMP",2024,0
"Greece","PUMP",2025,0
"Greece","PUMP",2026,0
"Greece","PUMP",2027,0
"Greece","PUMP",2028,0
"Greece","PUMP",2029,0
"Greece","PUMP",2030,0
"Greece","PUMP",2031,0
"Greece","PUMP",2032,0
"Greece","PUMP",2033,0
"Greece","PUMP",2034,0
"Greece","PUMP",2035,0
"Greece","PUMP",2036,0
"Greece","PUMP",2037,0
"Greece","PUMP",2038,0
"Greece","PUMP",2039,0
"Greece","PUMP",2040,0
"Greece","PUMP",2041,0
"Greece","PUMP",2042,0
"Greece","PUMP",2043,0
"Greece","PUMP",2044,0
"Greece","PUMP",2045,0
"Greece","PUMP",2046,0
"Greece","PUMP",2047,0
"Greece","PUMP",2048,0
"Greece","PUMP",2049,0
"Greece","PUMP",2050,0
"Greece","PWRHYDR",2019,0
"Greece","PWRHYDR",2020,0
"Greece","PWRHYDR",2021,0
"Greece","PWRHYDR",2022,0
"Greece","PWRHYDR",2023,0
"Greece","PWRHYDR",2024,0
"Greece","PWRHYDR",2025,0
"Greece","PWRHYDR",2026,0
"Greece","PWRHYDR",2027,0
"Greece","PWRHYDR",2028,0
"Greece","PWRHYDR",2029,0
"Greece","PWRHYDR",2030,0
"Greece","PWRHYDR",2031,0
"Greece","PWRHYDR",2032,0
"Greece","PWRHYDR",2033,0
"Greece","PWRHYDR",2034,0
"Greece","PWRHYDR",2035,0
"Greece","PWRHYDR",2036,0
"Greece","PWRHYDR",2037,0
"Greece","PWRHYDR",2038,0
"Greece","PWRHYDR",2039,0
"Greece","PWRHYDR",2040,0
"Greece","PWRHYDR",2041,0
"Greece","PWRHYDR",2042,0
"Greece","PWRHYDR",2043,0
"Greece","PWRHYDR",2044,0
"Greece","PWRHYDR",2045,0
"Greece","PWRHYDR",2046,0
"Greece","PWRHYDR",2047,0
"Greece","PWRHYDR",2048,0
"Greece","PWRHYDR",2049,0
"Greece","PWRHYDR",2050,0
