r,t,y,AnnualVariableOperatingCost
"Greece","ALELGRBPO",2019,716.77
"Greece","ALELGRBPO",2020,728.48
"Greece","ALELGRBPO",2021,744.12
"Greece","ALELGRBPO",2022,762.279999999998
"Greece","ALELGRBPO",2023,778.26
"Greece","ALELGRBPO",2024,791.09
"Greece","ALELGRBPO",2025,809.76
"Greece","ALELGRBPO",2026,702.27
"Greece","ALELGRBPO",2027,592.9
"Greece","ALELGRBPO",2028,486.08
"Greece","ALELGRBPO",2029,372.5
"Greece","ALELGRBPO",2030,259.56
"Greece","ALELGRBPO",2031,246.96
"Greece","ALELGRBPO",2032,236.88
"Greece","ALELGRBPO",2033,224.28
"Greece","ALELGRBPO",2034,214.2
"Greece","ALELGRBPO",2035,204.12
"Greece","ALELGRBPO",2036,165.810341733333
"Greece","ALELGRBPO",2037,137.298933966667
"Greece","ALELGRBPO",2038,120.64878780479
"Greece","ALELGRBPO",2039,116.870944215744
"Greece","ALELGRBPO",2040,114.178383041633
"Greece","ALELGRBPO",2041,114.670797932937
"Greece","ALELGRBPO",2042,120.914490499887
"Greece","ALELGRBPO",2043,128.998729630322
"Greece","ALELGRBPO",2044,149.209327456409
"Greece","ALELGRBPO",2045,157.910404102871
"Greece","ALELGRBPO",2046,143.471480233334
"Greece","ALELGRBPO",2047,152.179560630532
"Greece","ALELGRBPO",2048,164.401028021836
"Greece","ALELGRBPO",2049,253.670099617027
"Greece","ALELGRBPO",2050,261.159663932222
"Greece","BATT",2019,0
"Greece","BATT",2020,0
"Greece","BATT",2021,0
"Greece","BATT",2022,0
"Greece","BATT",2023,0
"Greece","BATT",2024,0
"Greece","BATT",2025,0
"Greece","BATT",2026,0
"Greece","BATT",2027,0
"Greece","BATT",2028,0
"Greece","BATT",2029,0
"Greece","BATT",2030,0
"Greece","BATT",2031,0
"Greece","BATT",2032,0
"Greece","BATT",2033,0
"Greece","BATT",2034,0
"Greece","BATT",2035,0
"Greece","BATT",2036,0
"Greece","BATT",2037,0
"Greece","BATT",2038,0
"Greece","BATT",2039,0
"Greece","BATT",2040,0
"Greece","BATT",2041,0
"Greece","BATT",2042,0
"Greece","BATT",2043,0
"Greece","BATT",2044,0
"Greece","BATT",2045,0
"Greece","BATT",2046,0
"Greece","BATT",2047,0
"Greece","BATT",2048,0
"Greece","BATT",2049,0
"Greece","BATT",2050,0
"Greece","GEOPWR_H",2019,0
"Greece","GEOPWR_H",2020,0
"Greece","GEOPWR_H",2021,0
"Greece","GEOPWR_H",2022,0
"Greece","GEOPWR_H",2023,0
"Greece","GEOPWR_H",2024,0
"Greece","GEOPWR_H",2025,0
"Greece","GEOPWR_H",2026,0
"Greece","GEOPWR_H",2027,0
"Greece","GEOPWR_H",2028,0
"Greece","GEOPWR_H",2029,0
"Greece","GEOPWR_H",2030,0
"Greece","GEOPWR_H",2031,0
"Greece","GEOPWR_H",2032,0
"Greece","GEOPWR_H",2033,0
"Greece","GEOPWR_H",2034,0
"Greece","GEOPWR_H",2035,0.228848395408696
"Greece","GEOPWR_H",2036,0.449577216
"Greece","GEOPWR_H",2037,0.449577216
"Greece","GEOPWR_H",2038,0.449577216
"Greece","GEOPWR_H",2039,0.449577216
"Greece","GEOPWR_H",2040,0.449577216
"Greece","GEOPWR_H",2041,0.449577216
"Greece","GEOPWR_H",2042,0.449577216
"Greece","GEOPWR_H",2043,0.449577216000001
"Greece","GEOPWR_H",2044,0.449577216
"Greece","GEOPWR_H",2045,0.449577216
"Greece","GEOPWR_H",2046,0.449577216
"Greece","GEOPWR_H",2047,0.449577216
"Greece","GEOPWR_H",2048,0.449577216
"Greece","GEOPWR_H",2049,0.449577216
"Greece","GEOPWR_H",2050,0.449577216
"Greece","GEOPWR_M",2019,0
"Greece","GEOPWR_M",2020,0
"Greece","GEOPWR_M",2021,0
"Greece","GEOPWR_M",2022,0
"Greece","GEOPWR_M",2023,0
"Greece","GEOPWR_M",2024,0
"Greece","GEOPWR_M",2025,0
"Greece","GEOPWR_M",2026,0
"Greece","GEOPWR_M",2027,0
"Greece","GEOPWR_M",2028,0
"Greece","GEOPWR_M",2029,0
"Greece","GEOPWR_M",2030,0
"Greece","GEOPWR_M",2031,0
"Greece","GEOPWR_M",2032,0
"Greece","GEOPWR_M",2033,0
"Greece","GEOPWR_M",2034,0
"Greece","GEOPWR_M",2035,0
"Greece","GEOPWR_M",2036,0
"Greece","GEOPWR_M",2037,0
"Greece","GEOPWR_M",2038,0
"Greece","GEOPWR_M",2039,0
"Greece","GEOPWR_M",2040,0
"Greece","GEOPWR_M",2041,0
"Greece","GEOPWR_M",2042,0
"Greece","GEOPWR_M",2043,0
"Greece","GEOPWR_M",2044,0
"Greece","GEOPWR_M",2045,0
"Greece","GEOPWR_M",2046,0.53829604059598
"Greece","GEOPWR_M",2047,0.53829604059598
"Greece","GEOPWR_M",2048,0.53829604059598
"Greece","GEOPWR_M",2049,1.10026756059598
"Greece","GEOPWR_M",2050,1.12394304
"Greece","GRBM00I00",2019,0
"Greece","GRBM00I00",2020,0
"Greece","GRBM00I00",2021,0
"Greece","GRBM00I00",2022,0
"Greece","GRBM00I00",2023,0
"Greece","GRBM00I00",2024,0
"Greece","GRBM00I00",2025,0
"Greece","GRBM00I00",2026,0
"Greece","GRBM00I00",2027,0
"Greece","GRBM00I00",2028,0
"Greece","GRBM00I00",2029,0
"Greece","GRBM00I00",2030,0
"Greece","GRBM00I00",2031,0
"Greece","GRBM00I00",2032,0
"Greece","GRBM00I00",2033,0
"Greece","GRBM00I00",2034,0
"Greece","GRBM00I00",2035,0
"Greece","GRBM00I00",2036,18.0488391250561
"Greece","GRBM00I00",2037,21.696611112052
"Greece","GRBM00I00",2038,20.6667384907447
"Greece","GRBM00I00",2039,23.2370910229048
"Greece","GRBM00I00",2040,23.921026433265
"Greece","GRBM00I00",2041,24.0642661125061
"Greece","GRBM00I00",2042,24.1588685590275
"Greece","GRBM00I00",2043,21.1732967767293
"Greece","GRBM00I00",2044,20.6186613531682
"Greece","GRBM00I00",2045,17.9680005139548
"Greece","GRBM00I00",2046,12.9097549467477
"Greece","GRBM00I00",2047,11.6619304845662
"Greece","GRBM00I00",2048,11.7294706225077
"Greece","GRBM00I00",2049,24.9714507476997
"Greece","GRBM00I00",2050,32.1390637429324
"Greece","GRBM00X00",2019,12.1531013805865
"Greece","GRBM00X00",2020,13.5766493835224
"Greece","GRBM00X00",2021,14.9778751283885
"Greece","GRBM00X00",2022,44.7597277940736
"Greece","GRBM00X00",2023,74.0495906911729
"Greece","GRBM00X00",2024,102.546653390375
"Greece","GRBM00X00",2025,101.765374357934
"Greece","GRBM00X00",2026,100.976534560662
"Greece","GRBM00X00",2027,100.18013399856
"Greece","GRBM00X00",2028,99.046019274048
"Greece","GRBM00X00",2029,98.2382775647011
"Greece","GRBM00X00",2030,92.70990618624
"Greece","GRBM00X00",2031,85.008542507382
"Greece","GRBM00X00",2032,67.2168488258003
"Greece","GRBM00X00",2033,63.4722240346056
"Greece","GRBM00X00",2034,67.0628095546977
"Greece","GRBM00X00",2035,58.527863999528
"Greece","GRBM00X00",2036,172.25
"Greece","GRBM00X00",2037,169.52
"Greece","GRBM00X00",2038,170.56
"Greece","GRBM00X00",2039,171.08
"Greece","GRBM00X00",2040,172.12
"Greece","GRBM00X00",2041,173.16
"Greece","GRBM00X00",2042,173.68
"Greece","GRBM00X00",2043,174.72
"Greece","GRBM00X00",2044,175.24
"Greece","GRBM00X00",2045,176.28
"Greece","GRBM00X00",2046,176.8
"Greece","GRBM00X00",2047,177.84
"Greece","GRBM00X00",2048,178.88
"Greece","GRBM00X00",2049,179.4
"Greece","GRBM00X00",2050,180.44
"Greece","GRCO00I00",2019,0
"Greece","GRCO00I00",2020,0
"Greece","GRCO00I00",2021,95.3802882132557
"Greece","GRCO00I00",2022,101.176880314614
"Greece","GRCO00I00",2023,0
"Greece","GRCO00I00",2024,0
"Greece","GRCO00I00",2025,0
"Greece","GRCO00I00",2026,0
"Greece","GRCO00I00",2027,0
"Greece","GRCO00I00",2028,0
"Greece","GRCO00I00",2029,0
"Greece","GRCO00I00",2030,0
"Greece","GRCO00I00",2031,0
"Greece","GRCO00I00",2032,0
"Greece","GRCO00I00",2033,0
"Greece","GRCO00I00",2034,0
"Greece","GRCO00I00",2035,0
"Greece","GRCO00I00",2036,0
"Greece","GRCO00I00",2037,0
"Greece","GRCO00I00",2038,0
"Greece","GRCO00I00",2039,0
"Greece","GRCO00I00",2040,0
"Greece","GRCO00I00",2041,0
"Greece","GRCO00I00",2042,0
"Greece","GRCO00I00",2043,0
"Greece","GRCO00I00",2044,0
"Greece","GRCO00I00",2045,0
"Greece","GRCO00I00",2046,0
"Greece","GRCO00I00",2047,0
"Greece","GRCO00I00",2048,0
"Greece","GRCO00I00",2049,0
"Greece","GRCO00I00",2050,0
"Greece","GRCO00X00",2019,96.012661118473
"Greece","GRCO00X00",2020,48.9410310712243
"Greece","GRCO00X00",2021,77.826
"Greece","GRCO00X00",2022,83.058
"Greece","GRCO00X00",2023,48.3295947088529
"Greece","GRCO00X00",2024,4.17920629143243
"Greece","GRCO00X00",2025,0
"Greece","GRCO00X00",2026,0
"Greece","GRCO00X00",2027,0
"Greece","GRCO00X00",2028,0
"Greece","GRCO00X00",2029,0
"Greece","GRCO00X00",2030,0
"Greece","GRCO00X00",2031,0
"Greece","GRCO00X00",2032,0
"Greece","GRCO00X00",2033,0
"Greece","GRCO00X00",2034,0
"Greece","GRCO00X00",2035,0
"Greece","GRCO00X00",2036,0
"Greece","GRCO00X00",2037,0
"Greece","GRCO00X00",2038,0
"Greece","GRCO00X00",2039,0
"Greece","GRCO00X00",2040,0
"Greece","GRCO00X00",2041,0
"Greece","GRCO00X00",2042,0
"Greece","GRCO00X00",2043,0
"Greece","GRCO00X00",2044,0
"Greece","GRCO00X00",2045,0
"Greece","GRCO00X00",2046,0
"Greece","GRCO00X00",2047,0
"Greece","GRCO00X00",2048,0
"Greece","GRCO00X00",2049,0
"Greece","GRCO00X00",2050,0
"Greece","GRELALBP0",2019,-202.03
"Greece","GRELALBP0",2020,-204.7
"Greece","GRELALBP0",2021,-208.8
"Greece","GRELALBP0",2022,-212.94
"Greece","GRELALBP0",2023,-219.48
"Greece","GRELALBP0",2024,-222.78
"Greece","GRELALBP0",2025,-227.05
"Greece","GRELALBP0",2026,-197.62
"Greece","GRELALBP0",2027,-167.67
"Greece","GRELALBP0",2028,-137.76
"Greece","GRELALBP0",2029,-104.16
"Greece","GRELALBP0",2030,-72.5
"Greece","GRELALBP0",2031,-70
"Greece","GRELALBP0",2032,-67.5
"Greece","GRELALBP0",2033,-62.5
"Greece","GRELALBP0",2034,-60
"Greece","GRELALBP0",2035,-57.5
"Greece","GRELALBP0",2036,-1481.32880915399
"Greece","GRELALBP0",2037,-1761.63997433297
"Greece","GRELALBP0",2038,-1975.47821026534
"Greece","GRELALBP0",2039,-2131.70196435932
"Greece","GRELALBP0",2040,-2278.02263456708
"Greece","GRELALBP0",2041,-2397.56486156633
"Greece","GRELALBP0",2042,-2470.69754638605
"Greece","GRELALBP0",2043,-2513.69452106605
"Greece","GRELALBP0",2044,-2490.45009414605
"Greece","GRELALBP0",2045,-2535.76399002141
"Greece","GRELALBP0",2046,-2681.72083130108
"Greece","GRELALBP0",2047,-2727.88865347765
"Greece","GRELALBP0",2048,-2743.81917179939
"Greece","GRELALBP0",2049,-2173.61644880091
"Greece","GRELALBP0",2050,-2199.38650561479
"Greece","GRHF00I00",2019,99.86372
"Greece","GRHF00I00",2020,85.57446
"Greece","GRHF00I00",2021,133.914
"Greece","GRHF00I00",2022,135.98358
"Greece","GRHF00I00",2023,126.96264
"Greece","GRHF00I00",2024,115.73305
"Greece","GRHF00I00",2025,105.92859
"Greece","GRHF00I00",2026,93.21949
"Greece","GRHF00I00",2027,82.6734
"Greece","GRHF00I00",2028,57.79635
"Greece","GRHF00I00",2029,33.56692
"Greece","GRHF00I00",2030,10.38216
"Greece","GRHF00I00",2031,0
"Greece","GRHF00I00",2032,0
"Greece","GRHF00I00",2033,0
"Greece","GRHF00I00",2034,0
"Greece","GRHF00I00",2035,0
"Greece","GRHF00I00",2036,0
"Greece","GRHF00I00",2037,0
"Greece","GRHF00I00",2038,0
"Greece","GRHF00I00",2039,0
"Greece","GRHF00I00",2040,0
"Greece","GRHF00I00",2041,0
"Greece","GRHF00I00",2042,0
"Greece","GRHF00I00",2043,0
"Greece","GRHF00I00",2044,0
"Greece","GRHF00I00",2045,0
"Greece","GRHF00I00",2046,0
"Greece","GRHF00I00",2047,0
"Greece","GRHF00I00",2048,0
"Greece","GRHF00I00",2049,0
"Greece","GRHF00I00",2050,0
"Greece","GRMBACKSTOP",2019,228886.374993408
"Greece","GRMBACKSTOP",2020,243095.984930304
"Greece","GRMBACKSTOP",2021,256316.724804096
"Greece","GRMBACKSTOP",2022,0
"Greece","GRMBACKSTOP",2023,0
"Greece","GRMBACKSTOP",2024,0
"Greece","GRMBACKSTOP",2025,0
"Greece","GRMBACKSTOP",2026,0
"Greece","GRMBACKSTOP",2027,0
"Greece","GRMBACKSTOP",2028,0
"Greece","GRMBACKSTOP",2029,0
"Greece","GRMBACKSTOP",2030,0
"Greece","GRMBACKSTOP",2031,0
"Greece","GRMBACKSTOP",2032,0
"Greece","GRMBACKSTOP",2033,0
"Greece","GRMBACKSTOP",2034,0
"Greece","GRMBACKSTOP",2035,0
"Greece","GRMBACKSTOP",2036,0
"Greece","GRMBACKSTOP",2037,0
"Greece","GRMBACKSTOP",2038,0
"Greece","GRMBACKSTOP",2039,0
"Greece","GRMBACKSTOP",2040,0
"Greece","GRMBACKSTOP",2041,0
"Greece","GRMBACKSTOP",2042,0
"Greece","GRMBACKSTOP",2043,0
"Greece","GRMBACKSTOP",2044,0
"Greece","GRMBACKSTOP",2045,0
"Greece","GRMBACKSTOP",2046,0
"Greece","GRMBACKSTOP",2047,0
"Greece","GRMBACKSTOP",2048,0
"Greece","GRMBACKSTOP",2049,0
"Greece","GRMBACKSTOP",2050,0
"Greece","GRMBMCHP00",2019,1.5985617069312
"Greece","GRMBMCHP00",2020,1.7983819202976
"Greece","GRMBMCHP00",2021,1.998202133664
"Greece","GRMBMCHP00",2022,5.994606400992
"Greece","GRMBMCHP00",2023,9.99101066832
"Greece","GRMBMCHP00",2024,13.987414935648
"Greece","GRMBMCHP00",2025,13.987414935648
"Greece","GRMBMCHP00",2026,13.987414935648
"Greece","GRMBMCHP00",2027,13.987414935648
"Greece","GRMBMCHP00",2028,13.987414935648
"Greece","GRMBMCHP00",2029,13.987414935648
"Greece","GRMBMCHP00",2030,12.7614082176
"Greece","GRMBMCHP00",2031,11.6274992832209
"Greece","GRMBMCHP00",2032,9.20097449705739
"Greece","GRMBMCHP00",2033,8.66808177637945
"Greece","GRMBMCHP00",2034,9.12989901215621
"Greece","GRMBMCHP00",2035,7.94991728233044
"Greece","GRMBMCHP00",2036,24.8624482975684
"Greece","GRMBMCHP00",2037,24.8393450239684
"Greece","GRMBMCHP00",2038,24.834944305252
"Greece","GRMBMCHP00",2039,25.0553673909911
"Greece","GRMBMCHP00",2040,25.2079472527684
"Greece","GRMBMCHP00",2041,25.2079472527684
"Greece","GRMBMCHP00",2042,25.2078690988554
"Greece","GRMBMCHP00",2043,24.9349437659858
"Greece","GRMBMCHP00",2044,24.8795236087684
"Greece","GRMBMCHP00",2045,24.6431251906815
"Greece","GRMBMCHP00",2046,24.1988393791388
"Greece","GRMBMCHP00",2047,24.0875940415342
"Greece","GRMBMCHP00",2048,24.0875940415342
"Greece","GRMBMCHP00",2049,25.2079472527684
"Greece","GRMBMCHP00",2050,25.806046533688
"Greece","GRMCOSCP00",2019,37.0683236677402
"Greece","GRMCOSCP00",2020,23.1022870615776
"Greece","GRMCOSCP00",2021,62.693093193984
"Greece","GRMCOSCP00",2022,62.207100223488
"Greece","GRMCOSCP00",2023,17.3813118323436
"Greece","GRMCOSCP00",2024,0
"Greece","GRMCOSCP00",2025,0
"Greece","GRMCOSCP00",2026,0
"Greece","GRMCOSCP00",2027,0
"Greece","GRMCOSCP00",2028,0
"Greece","GRMCOSCP00",2029,0
"Greece","GRMCOSCP00",2030,0
"Greece","GRMCOSCP00",2031,0
"Greece","GRMCOSCP00",2032,0
"Greece","GRMCOSCP00",2033,0
"Greece","GRMCOSCP00",2034,0
"Greece","GRMCOSCP00",2035,0
"Greece","GRMCOSCP00",2036,0
"Greece","GRMCOSCP00",2037,0
"Greece","GRMCOSCP00",2038,0
"Greece","GRMCOSCP00",2039,0
"Greece","GRMCOSCP00",2040,0
"Greece","GRMCOSCP00",2041,0
"Greece","GRMCOSCP00",2042,0
"Greece","GRMCOSCP00",2043,0
"Greece","GRMCOSCP00",2044,0
"Greece","GRMCOSCP00",2045,0
"Greece","GRMCOSCP00",2046,0
"Greece","GRMCOSCP00",2047,0
"Greece","GRMCOSCP00",2048,0
"Greece","GRMCOSCP00",2049,0
"Greece","GRMCOSCP00",2050,0
"Greece","GRMCOSCP00_Ptol",2019,0
"Greece","GRMCOSCP00_Ptol",2020,0
"Greece","GRMCOSCP00_Ptol",2021,0
"Greece","GRMCOSCP00_Ptol",2022,0
"Greece","GRMCOSCP00_Ptol",2023,1.69537536
"Greece","GRMCOSCP00_Ptol",2024,1.55668259022044
"Greece","GRMCOSCP00_Ptol",2025,0
"Greece","GRMCOSCP00_Ptol",2026,0
"Greece","GRMCOSCP00_Ptol",2027,0
"Greece","GRMCOSCP00_Ptol",2028,0
"Greece","GRMCOSCP00_Ptol",2029,0
"Greece","GRMCOSCP00_Ptol",2030,0
"Greece","GRMCOSCP00_Ptol",2031,0
"Greece","GRMCOSCP00_Ptol",2032,0
"Greece","GRMCOSCP00_Ptol",2033,0
"Greece","GRMCOSCP00_Ptol",2034,0
"Greece","GRMCOSCP00_Ptol",2035,0
"Greece","GRMCOSCP00_Ptol",2036,0
"Greece","GRMCOSCP00_Ptol",2037,0
"Greece","GRMCOSCP00_Ptol",2038,0
"Greece","GRMCOSCP00_Ptol",2039,0
"Greece","GRMCOSCP00_Ptol",2040,0
"Greece","GRMCOSCP00_Ptol",2041,0
"Greece","GRMCOSCP00_Ptol",2042,0
"Greece","GRMCOSCP00_Ptol",2043,0
"Greece","GRMCOSCP00_Ptol",2044,0
"Greece","GRMCOSCP00_Ptol",2045,0
"Greece","GRMCOSCP00_Ptol",2046,0
"Greece","GRMCOSCP00_Ptol",2047,0
"Greece","GRMCOSCP00_Ptol",2048,0
"Greece","GRMCOSCP00_Ptol",2049,0
"Greece","GRMCOSCP00_Ptol",2050,0
"Greece","GRMEL00T00",2019,1004.10858482087
"Greece","GRMEL00T00",2020,998.102406177391
"Greece","GRMEL00T00",2021,992.04405362087
"Greece","GRMEL00T00",2022,1144.17959047791
"Greece","GRMEL00T00",2023,1138.22062277009
"Greece","GRMEL00T00",2024,1130.07029443896
"Greece","GRMEL00T00",2025,1123.93698363548
"Greece","GRMEL00T00",2026,1115.59570810435
"Greece","GRMEL00T00",2027,1109.28805420522
"Greece","GRMEL00T00",2028,1100.75583147409
"Greece","GRMEL00T00",2029,1099.80644317496
"Greece","GRMEL00T00",2030,1093.18707783235
"Greece","GRMEL00T00",2031,1094.87852575722
"Greece","GRMEL00T00",2032,1096.4717878873
"Greece","GRMEL00T00",2033,1097.96686422261
"Greece","GRMEL00T00",2034,1104.71158085009
"Greece","GRMEL00T00",2035,1105.97767690017
"Greece","GRMEL00T00",2036,1107.14558715548
"Greece","GRMEL00T00",2037,1108.215311616
"Greece","GRMEL00T00",2038,1114.40424158609
"Greece","GRMEL00T00",2039,1115.24498576139
"Greece","GRMEL00T00",2040,1115.98754414191
"Greece","GRMEL00T00",2041,1121.75148194504
"Greece","GRMEL00T00",2042,1122.26506004035
"Greece","GRMEL00T00",2043,1123.18031165217
"Greece","GRMEL00T00",2044,1141.04268271304
"Greece","GRMEL00T00",2045,1143.61157551304
"Greece","GRMEL00T00",2046,1146.05003353044
"Greece","GRMEL00T00",2047,1148.35805676522
"Greece","GRMEL00T00",2048,1155.42694956522
"Greece","GRMEL00T00",2049,1164.88939827757
"Greece","GRMEL00T00",2050,1164.81438245844
"Greece","GRMHFSTP00",2019,139.748
"Greece","GRMHFSTP00",2020,139.258
"Greece","GRMHFSTP00",2021,138.768
"Greece","GRMHFSTP00",2022,138.376
"Greece","GRMHFSTP00",2023,129.444
"Greece","GRMHFSTP00",2024,119.17
"Greece","GRMHFSTP00",2025,110.442
"Greece","GRMHFSTP00",2026,101.689
"Greece","GRMHFSTP00",2027,94.384
"Greece","GRMHFSTP00",2028,76.065
"Greece","GRMHFSTP00",2029,57.918
"Greece","GRMHFSTP00",2030,39.846
"Greece","GRMHFSTP00",2031,0
"Greece","GRMHFSTP00",2032,0
"Greece","GRMHFSTP00",2033,0
"Greece","GRMHFSTP00",2034,0
"Greece","GRMHFSTP00",2035,0
"Greece","GRMHFSTP00",2036,0
"Greece","GRMHFSTP00",2037,0
"Greece","GRMHFSTP00",2038,0
"Greece","GRMHFSTP00",2039,0
"Greece","GRMHFSTP00",2040,0
"Greece","GRMHFSTP00",2041,0
"Greece","GRMHFSTP00",2042,0
"Greece","GRMHFSTP00",2043,0
"Greece","GRMHFSTP00",2044,0
"Greece","GRMHFSTP00",2045,0
"Greece","GRMHFSTP00",2046,0
"Greece","GRMHFSTP00",2047,0
"Greece","GRMHFSTP00",2048,0
"Greece","GRMHFSTP00",2049,0
"Greece","GRMHFSTP00",2050,0
"Greece","GRMHYDMS01",2019,0
"Greece","GRMHYDMS01",2020,0
"Greece","GRMHYDMS01",2021,0
"Greece","GRMHYDMS01",2022,0
"Greece","GRMHYDMS01",2023,0
"Greece","GRMHYDMS01",2024,0
"Greece","GRMHYDMS01",2025,0
"Greece","GRMHYDMS01",2026,0
"Greece","GRMHYDMS01",2027,0
"Greece","GRMHYDMS01",2028,0
"Greece","GRMHYDMS01",2029,0
"Greece","GRMHYDMS01",2030,0
"Greece","GRMHYDMS01",2031,0
"Greece","GRMHYDMS01",2032,0
"Greece","GRMHYDMS01",2033,0
"Greece","GRMHYDMS01",2034,0
"Greece","GRMHYDMS01",2035,0
"Greece","GRMHYDMS01",2036,0
"Greece","GRMHYDMS01",2037,0
"Greece","GRMHYDMS01",2038,0
"Greece","GRMHYDMS01",2039,0
"Greece","GRMHYDMS01",2040,0
"Greece","GRMHYDMS01",2041,0
"Greece","GRMHYDMS01",2042,0
"Greece","GRMHYDMS01",2043,0
"Greece","GRMHYDMS01",2044,0
"Greece","GRMHYDMS01",2045,0
"Greece","GRMHYDMS01",2046,0
"Greece","GRMHYDMS01",2047,0
"Greece","GRMHYDMS01",2048,0
"Greece","GRMHYDMS01",2049,0
"Greece","GRMHYDMS01",2050,0
"Greece","GRMHYDMS02",2019,0
"Greece","GRMHYDMS02",2020,0
"Greece","GRMHYDMS02",2021,0
"Greece","GRMHYDMS02",2022,0
"Greece","GRMHYDMS02",2023,0
"Greece","GRMHYDMS02",2024,0
"Greece","GRMHYDMS02",2025,0
"Greece","GRMHYDMS02",2026,0
"Greece","GRMHYDMS02",2027,0
"Greece","GRMHYDMS02",2028,0
"Greece","GRMHYDMS02",2029,0
"Greece","GRMHYDMS02",2030,0
"Greece","GRMHYDMS02",2031,0
"Greece","GRMHYDMS02",2032,0
"Greece","GRMHYDMS02",2033,0
"Greece","GRMHYDMS02",2034,0
"Greece","GRMHYDMS02",2035,0
"Greece","GRMHYDMS02",2036,0
"Greece","GRMHYDMS02",2037,0
"Greece","GRMHYDMS02",2038,0
"Greece","GRMHYDMS02",2039,0
"Greece","GRMHYDMS02",2040,0
"Greece","GRMHYDMS02",2041,0
"Greece","GRMHYDMS02",2042,0
"Greece","GRMHYDMS02",2043,0
"Greece","GRMHYDMS02",2044,0
"Greece","GRMHYDMS02",2045,0
"Greece","GRMHYDMS02",2046,0
"Greece","GRMHYDMS02",2047,0
"Greece","GRMHYDMS02",2048,0
"Greece","GRMHYDMS02",2049,0
"Greece","GRMHYDMS02",2050,0
"Greece","GRMHYDMS03",2019,0
"Greece","GRMHYDMS03",2020,0
"Greece","GRMHYDMS03",2021,0
"Greece","GRMHYDMS03",2022,0
"Greece","GRMHYDMS03",2023,0
"Greece","GRMHYDMS03",2024,0
"Greece","GRMHYDMS03",2025,0
"Greece","GRMHYDMS03",2026,0
"Greece","GRMHYDMS03",2027,0
"Greece","GRMHYDMS03",2028,0
"Greece","GRMHYDMS03",2029,0
"Greece","GRMHYDMS03",2030,0
"Greece","GRMHYDMS03",2031,0
"Greece","GRMHYDMS03",2032,0
"Greece","GRMHYDMS03",2033,0
"Greece","GRMHYDMS03",2034,0
"Greece","GRMHYDMS03",2035,0
"Greece","GRMHYDMS03",2036,0
"Greece","GRMHYDMS03",2037,0
"Greece","GRMHYDMS03",2038,0
"Greece","GRMHYDMS03",2039,0
"Greece","GRMHYDMS03",2040,0
"Greece","GRMHYDMS03",2041,0
"Greece","GRMHYDMS03",2042,0
"Greece","GRMHYDMS03",2043,0
"Greece","GRMHYDMS03",2044,0
"Greece","GRMHYDMS03",2045,0
"Greece","GRMHYDMS03",2046,0
"Greece","GRMHYDMS03",2047,0
"Greece","GRMHYDMS03",2048,0
"Greece","GRMHYDMS03",2049,0
"Greece","GRMHYDMS03",2050,0
"Greece","GRMNGCCP00",2019,33.8356808064
"Greece","GRMNGCCP00",2020,36.043904185344
"Greece","GRMNGCCP00",2021,13.8681044653876
"Greece","GRMNGCCP00",2022,22.8633676037966
"Greece","GRMNGCCP00",2023,35.462550892032
"Greece","GRMNGCCP00",2024,35.462550892032
"Greece","GRMNGCCP00",2025,30.2165296261206
"Greece","GRMNGCCP00",2026,26.5896063405554
"Greece","GRMNGCCP00",2027,22.9026830549902
"Greece","GRMNGCCP00",2028,19.638159769425
"Greece","GRMNGCCP00",2029,17.0349121003682
"Greece","GRMNGCCP00",2030,14.5927100804605
"Greece","GRMNGCCP00",2031,12.0944876576264
"Greece","GRMNGCCP00",2032,8.37495264076521
"Greece","GRMNGCCP00",2033,4.7363350694787
"Greece","GRMNGCCP00",2034,2.22344168938877
"Greece","GRMNGCCP00",2035,0
"Greece","GRMNGCCP00",2036,0
"Greece","GRMNGCCP00",2037,0
"Greece","GRMNGCCP00",2038,0
"Greece","GRMNGCCP00",2039,0
"Greece","GRMNGCCP00",2040,0
"Greece","GRMNGCCP00",2041,0
"Greece","GRMNGCCP00",2042,0
"Greece","GRMNGCCP00",2043,0
"Greece","GRMNGCCP00",2044,0
"Greece","GRMNGCCP00",2045,0
"Greece","GRMNGCCP00",2046,0
"Greece","GRMNGCCP00",2047,0
"Greece","GRMNGCCP00",2048,0
"Greece","GRMNGCCP00",2049,0
"Greece","GRMNGCCP00",2050,0
"Greece","GRMNGGCP00",2019,0
"Greece","GRMNGGCP00",2020,2.585068992
"Greece","GRMNGGCP00",2021,0
"Greece","GRMNGGCP00",2022,0
"Greece","GRMNGGCP00",2023,0
"Greece","GRMNGGCP00",2024,2.585068992
"Greece","GRMNGGCP00",2025,0
"Greece","GRMNGGCP00",2026,0
"Greece","GRMNGGCP00",2027,0
"Greece","GRMNGGCP00",2028,0
"Greece","GRMNGGCP00",2029,0
"Greece","GRMNGGCP00",2030,0
"Greece","GRMNGGCP00",2031,0
"Greece","GRMNGGCP00",2032,0
"Greece","GRMNGGCP00",2033,0
"Greece","GRMNGGCP00",2034,0
"Greece","GRMNGGCP00",2035,0
"Greece","GRMNGGCP00",2036,0
"Greece","GRMNGGCP00",2037,0
"Greece","GRMNGGCP00",2038,0
"Greece","GRMNGGCP00",2039,0
"Greece","GRMNGGCP00",2040,0
"Greece","GRMNGGCP00",2041,0
"Greece","GRMNGGCP00",2042,0
"Greece","GRMNGGCP00",2043,0
"Greece","GRMNGGCP00",2044,0
"Greece","GRMNGGCP00",2045,0
"Greece","GRMNGGCP00",2046,0
"Greece","GRMNGGCP00",2047,0
"Greece","GRMNGGCP00",2048,0
"Greece","GRMNGGCP00",2049,0
"Greece","GRMNGGCP00",2050,0
"Greece","GRMSOC1P00",2019,0
"Greece","GRMSOC1P00",2020,0
"Greece","GRMSOC1P00",2021,0
"Greece","GRMSOC1P00",2022,0
"Greece","GRMSOC1P00",2023,0
"Greece","GRMSOC1P00",2024,0
"Greece","GRMSOC1P00",2025,0
"Greece","GRMSOC1P00",2026,0
"Greece","GRMSOC1P00",2027,0
"Greece","GRMSOC1P00",2028,0
"Greece","GRMSOC1P00",2029,0
"Greece","GRMSOC1P00",2030,0
"Greece","GRMSOC1P00",2031,0
"Greece","GRMSOC1P00",2032,0
"Greece","GRMSOC1P00",2033,0
"Greece","GRMSOC1P00",2034,0
"Greece","GRMSOC1P00",2035,0
"Greece","GRMSOC1P00",2036,0
"Greece","GRMSOC1P00",2037,0
"Greece","GRMSOC1P00",2038,0
"Greece","GRMSOC1P00",2039,0
"Greece","GRMSOC1P00",2040,0
"Greece","GRMSOC1P00",2041,0
"Greece","GRMSOC1P00",2042,0
"Greece","GRMSOC1P00",2043,0
"Greece","GRMSOC1P00",2044,0
"Greece","GRMSOC1P00",2045,0
"Greece","GRMSOC1P00",2046,0
"Greece","GRMSOC1P00",2047,0
"Greece","GRMSOC1P00",2048,0
"Greece","GRMSOC1P00",2049,0
"Greece","GRMSOC1P00",2050,0
"Greece","GRMSOU1P03",2019,0
"Greece","GRMSOU1P03",2020,0
"Greece","GRMSOU1P03",2021,0
"Greece","GRMSOU1P03",2022,0
"Greece","GRMSOU1P03",2023,0
"Greece","GRMSOU1P03",2024,0
"Greece","GRMSOU1P03",2025,0
"Greece","GRMSOU1P03",2026,0
"Greece","GRMSOU1P03",2027,0
"Greece","GRMSOU1P03",2028,0
"Greece","GRMSOU1P03",2029,0
"Greece","GRMSOU1P03",2030,0
"Greece","GRMSOU1P03",2031,0
"Greece","GRMSOU1P03",2032,0
"Greece","GRMSOU1P03",2033,0
"Greece","GRMSOU1P03",2034,0
"Greece","GRMSOU1P03",2035,0
"Greece","GRMSOU1P03",2036,0
"Greece","GRMSOU1P03",2037,0
"Greece","GRMSOU1P03",2038,0
"Greece","GRMSOU1P03",2039,0
"Greece","GRMSOU1P03",2040,0
"Greece","GRMSOU1P03",2041,0
"Greece","GRMSOU1P03",2042,0
"Greece","GRMSOU1P03",2043,0
"Greece","GRMSOU1P03",2044,0
"Greece","GRMSOU1P03",2045,0
"Greece","GRMSOU1P03",2046,0
"Greece","GRMSOU1P03",2047,0
"Greece","GRMSOU1P03",2048,0
"Greece","GRMSOU1P03",2049,0
"Greece","GRMSOU1P03",2050,0
"Greece","GRMSOV1F01",2019,0
"Greece","GRMSOV1F01",2020,0
"Greece","GRMSOV1F01",2021,0
"Greece","GRMSOV1F01",2022,0
"Greece","GRMSOV1F01",2023,0
"Greece","GRMSOV1F01",2024,0
"Greece","GRMSOV1F01",2025,0
"Greece","GRMSOV1F01",2026,0
"Greece","GRMSOV1F01",2027,0
"Greece","GRMSOV1F01",2028,0
"Greece","GRMSOV1F01",2029,0
"Greece","GRMSOV1F01",2030,0
"Greece","GRMSOV1F01",2031,0
"Greece","GRMSOV1F01",2032,0
"Greece","GRMSOV1F01",2033,0
"Greece","GRMSOV1F01",2034,0
"Greece","GRMSOV1F01",2035,0
"Greece","GRMSOV1F01",2036,0
"Greece","GRMSOV1F01",2037,0
"Greece","GRMSOV1F01",2038,0
"Greece","GRMSOV1F01",2039,0
"Greece","GRMSOV1F01",2040,0
"Greece","GRMSOV1F01",2041,0
"Greece","GRMSOV1F01",2042,0
"Greece","GRMSOV1F01",2043,0
"Greece","GRMSOV1F01",2044,0
"Greece","GRMSOV1F01",2045,0
"Greece","GRMSOV1F01",2046,0
"Greece","GRMSOV1F01",2047,0
"Greece","GRMSOV1F01",2048,0
"Greece","GRMSOV1F01",2049,0
"Greece","GRMSOV1F01",2050,0
"Greece","GRMWIP00",2019,2.3087757888
"Greece","GRMWIP00",2020,2.6349463296
"Greece","GRMWIP00",2021,2.8076248512
"Greece","GRMWIP00",2022,3.3512424192
"Greece","GRMWIP00",2023,3.8948599872
"Greece","GRMWIP00",2024,4.4384775552
"Greece","GRMWIP00",2025,4.9820951232
"Greece","GRMWIP00",2026,5.5257126912
"Greece","GRMWIP00",2027,6.0693302592
"Greece","GRMWIP00",2028,6.6129478272
"Greece","GRMWIP00",2029,7.1565653952
"Greece","GRMWIP00",2030,7.67460096
"Greece","GRMWIP00",2031,8.06448525472946
"Greece","GRMWIP00",2032,8.43382568347381
"Greece","GRMWIP00",2033,8.68655705009642
"Greece","GRMWIP00",2034,8.95146326193642
"Greece","GRMWIP00",2035,9.09689011110512
"Greece","GRMWIP00",2036,10.936306368
"Greece","GRMWIP00",2037,11.479923936
"Greece","GRMWIP00",2038,11.8605709483486
"Greece","GRMWIP00",2039,11.8605709483486
"Greece","GRMWIP00",2040,11.8605709483486
"Greece","GRMWIP00",2041,11.8605709483486
"Greece","GRMWIP00",2042,11.8605709483486
"Greece","GRMWIP00",2043,11.8365724234814
"Greece","GRMWIP00",2044,11.807391740351
"Greece","GRMWIP00",2045,11.7521241006988
"Greece","GRMWIP00",2046,11.6968564610466
"Greece","GRMWIP00",2047,11.6415888213944
"Greece","GRMWIP00",2048,11.5950168339162
"Greece","GRMWIP00",2049,9.87157019954862
"Greece","GRMWIP00",2050,9.86517469874862
"Greece","GRMWIP01",2019,0
"Greece","GRMWIP01",2020,0
"Greece","GRMWIP01",2021,0
"Greece","GRMWIP01",2022,0
"Greece","GRMWIP01",2023,0
"Greece","GRMWIP01",2024,0
"Greece","GRMWIP01",2025,0
"Greece","GRMWIP01",2026,0
"Greece","GRMWIP01",2027,0
"Greece","GRMWIP01",2028,0
"Greece","GRMWIP01",2029,0
"Greece","GRMWIP01",2030,0.501376259137663
"Greece","GRMWIP01",2031,0.680609951999999
"Greece","GRMWIP01",2032,0.908022670246956
"Greece","GRMWIP01",2033,1.06542673970087
"Greece","GRMWIP01",2034,1.01557749787826
"Greece","GRMWIP01",2035,0.925590179227826
"Greece","GRMWIP01",2036,2.75337531376407
"Greece","GRMWIP01",2037,3.10639224579886
"Greece","GRMWIP01",2038,3.46047044077998
"Greece","GRMWIP01",2039,3.85837217156259
"Greece","GRMWIP01",2040,4.24684395615745
"Greece","GRMWIP01",2041,4.6402840015452
"Greece","GRMWIP01",2042,4.61186307391653
"Greece","GRMWIP01",2043,4.553672256
"Greece","GRMWIP01",2044,4.553672256
"Greece","GRMWIP01",2045,4.553672256
"Greece","GRMWIP01",2046,4.553672256
"Greece","GRMWIP01",2047,4.54014219324514
"Greece","GRMWIP01",2048,4.52110734663644
"Greece","GRMWIP01",2049,4.76678517765219
"Greece","GRMWIP01",2050,4.7374976604348
"Greece","GRNG00I00",2019,606.47649555922
"Greece","GRNG00I00",2020,395.483542827909
"Greece","GRNG00I00",2021,548.481320480612
"Greece","GRNG00I00",2022,946.052920753766
"Greece","GRNG00I00",2023,1039.92129676114
"Greece","GRNG00I00",2024,879.886437662825
"Greece","GRNG00I00",2025,672.366870450605
"Greece","GRNG00I00",2026,593.541737710987
"Greece","GRNG00I00",2027,513.41260497137
"Greece","GRNG00I00",2028,442.463632231753
"Greece","GRNG00I00",2029,392.161390060094
"Greece","GRNG00I00",2030,338.444021833416
"Greece","GRNG00I00",2031,277.748601654127
"Greece","GRNG00I00",2032,192.939702825739
"Greece","GRNG00I00",2033,112.256739661317
"Greece","GRNG00I00",2034,54.3981540993062
"Greece","GRNG00I00",2035,0
"Greece","GRNG00I00",2036,0
"Greece","GRNG00I00",2037,0
"Greece","GRNG00I00",2038,0
"Greece","GRNG00I00",2039,0
"Greece","GRNG00I00",2040,0
"Greece","GRNG00I00",2041,0
"Greece","GRNG00I00",2042,0
"Greece","GRNG00I00",2043,0
"Greece","GRNG00I00",2044,0
"Greece","GRNG00I00",2045,0
"Greece","GRNG00I00",2046,0
"Greece","GRNG00I00",2047,0
"Greece","GRNG00I00",2048,0
"Greece","GRNG00I00",2049,0
"Greece","GRNG00I00",2050,0
"Greece","NGCHPPWR",2019,0
"Greece","NGCHPPWR",2020,0
"Greece","NGCHPPWR",2021,0
"Greece","NGCHPPWR",2022,0
"Greece","NGCHPPWR",2023,0
"Greece","NGCHPPWR",2024,0
"Greece","NGCHPPWR",2025,0
"Greece","NGCHPPWR",2026,0
"Greece","NGCHPPWR",2027,0
"Greece","NGCHPPWR",2028,0
"Greece","NGCHPPWR",2029,0
"Greece","NGCHPPWR",2030,0
"Greece","NGCHPPWR",2031,0
"Greece","NGCHPPWR",2032,0
"Greece","NGCHPPWR",2033,0
"Greece","NGCHPPWR",2034,0
"Greece","NGCHPPWR",2035,0
"Greece","NGCHPPWR",2036,0
"Greece","NGCHPPWR",2037,0
"Greece","NGCHPPWR",2038,0
"Greece","NGCHPPWR",2039,0
"Greece","NGCHPPWR",2040,0
"Greece","NGCHPPWR",2041,0
"Greece","NGCHPPWR",2042,0
"Greece","NGCHPPWR",2043,0
"Greece","NGCHPPWR",2044,0
"Greece","NGCHPPWR",2045,0
"Greece","NGCHPPWR",2046,0
"Greece","NGCHPPWR",2047,0
"Greece","NGCHPPWR",2048,0
"Greece","NGCHPPWR",2049,0
"Greece","NGCHPPWR",2050,0
"Greece","NGSPROD",2019,1.915
"Greece","NGSPROD",2020,0.711
"Greece","NGSPROD",2021,2.568
"Greece","NGSPROD",2022,2.7
"Greece","NGSPROD",2023,1.93499999999999
"Greece","NGSPROD",2024,1.62
"Greece","NGSPROD",2025,1.44
"Greece","NGSPROD",2026,1.44
"Greece","NGSPROD",2027,1.44
"Greece","NGSPROD",2028,1.44
"Greece","NGSPROD",2029,1.44
"Greece","NGSPROD",2030,1.44
"Greece","NGSPROD",2031,1.44
"Greece","NGSPROD",2032,1.44
"Greece","NGSPROD",2033,1.44
"Greece","NGSPROD",2034,1.44
"Greece","NGSPROD",2035,0
"Greece","NGSPROD",2036,0
"Greece","NGSPROD",2037,0
"Greece","NGSPROD",2038,0
"Greece","NGSPROD",2039,0
"Greece","NGSPROD",2040,0
"Greece","NGSPROD",2041,0
"Greece","NGSPROD",2042,0
"Greece","NGSPROD",2043,0
"Greece","NGSPROD",2044,0
"Greece","NGSPROD",2045,0
"Greece","NGSPROD",2046,0
"Greece","NGSPROD",2047,0
"Greece","NGSPROD",2048,0
"Greece","NGSPROD",2049,0
"Greece","NGSPROD",2050,0
"Greece","OILPROD",2019,48.351
"Greece","OILPROD",2020,17.062
"Greece","OILPROD",2021,27.55
"Greece","OILPROD",2022,27.968
"Greece","OILPROD",2023,28.386
"Greece","OILPROD",2024,28.804
"Greece","OILPROD",2025,29.222
"Greece","OILPROD",2026,28.842
"Greece","OILPROD",2027,28.424
"Greece","OILPROD",2028,28.006
"Greece","OILPROD",2029,27.626
"Greece","OILPROD",2030,27.208
"Greece","OILPROD",2031,0
"Greece","OILPROD",2032,0
"Greece","OILPROD",2033,0
"Greece","OILPROD",2034,0
"Greece","OILPROD",2035,0
"Greece","OILPROD",2036,0
"Greece","OILPROD",2037,0
"Greece","OILPROD",2038,0
"Greece","OILPROD",2039,0
"Greece","OILPROD",2040,0
"Greece","OILPROD",2041,0
"Greece","OILPROD",2042,0
"Greece","OILPROD",2043,0
"Greece","OILPROD",2044,0
"Greece","OILPROD",2045,0
"Greece","OILPROD",2046,0
"Greece","OILPROD",2047,0
"Greece","OILPROD",2048,0
"Greece","OILPROD",2049,0
"Greece","OILPROD",2050,0
"Greece","PUMP",2019,0
"Greece","PUMP",2020,0
"Greece","PUMP",2021,0
"Greece","PUMP",2022,0
"Greece","PUMP",2023,0
"Greece","PUMP",2024,0
"Greece","PUMP",2025,0
"Greece","PUMP",2026,0
"Greece","PUMP",2027,0
"Greece","PUMP",2028,0
"Greece","PUMP",2029,0
"Greece","PUMP",2030,0
"Greece","PUMP",2031,0
"Greece","PUMP",2032,0
"Greece","PUMP",2033,0
"Greece","PUMP",2034,0
"Greece","PUMP",2035,0
"Greece","PUMP",2036,0
"Greece","PUMP",2037,0
"Greece","PUMP",2038,0
"Greece","PUMP",2039,0
"Greece","PUMP",2040,0
"Greece","PUMP",2041,0
"Greece","PUMP",2042,0
"Greece","PUMP",2043,0
"Greece","PUMP",2044,0
"Greece","PUMP",2045,0
"Greece","PUMP",2046,0
"Greece","PUMP",2047,0
"Greece","PUMP",2048,0
"Greece","PUMP",2049,0
"Greece","PUMP",2050,0
"Greece","PWRHYDR",2019,0
"Greece","PWRHYDR",2020,0
"Greece","PWRHYDR",2021,0
"Greece","PWRHYDR",2022,0
"Greece","PWRHYDR",2023,0
"Greece","PWRHYDR",2024,0
"Greece","PWRHYDR",2025,0
"Greece","PWRHYDR",2026,0
"Greece","PWRHYDR",2027,0
"Greece","PWRHYDR",2028,0
"Greece","PWRHYDR",2029,0
"Greece","PWRHYDR",2030,0
"Greece","PWRHYDR",2031,0
"Greece","PWRHYDR",2032,0
"Greece","PWRHYDR",2033,0
"Greece","PWRHYDR",2034,0
"Greece","PWRHYDR",2035,0
"Greece","PWRHYDR",2036,0
"Greece","PWRHYDR",2037,0
"Greece","PWRHYDR",2038,0
"Greece","PWRHYDR",2039,0
"Greece","PWRHYDR",2040,0
"Greece","PWRHYDR",2041,0
"Greece","PWRHYDR",2042,0
"Greece","PWRHYDR",2043,0
"Greece","PWRHYDR",2044,0
"Greece","PWRHYDR",2045,0
"Greece","PWRHYDR",2046,0
"Greece","PWRHYDR",2047,0
"Greece","PWRHYDR",2048,0
"Greece","PWRHYDR",2049,0
"Greece","PWRHYDR",2050,0
