r,t,y,CapitalInvestment
"Greece","ALELGRBPO",2019,0
"Greece","ALELGRBPO",2020,0
"Greece","ALELGRBPO",2021,0
"Greece","ALELGRBPO",2022,0
"Greece","ALELGRBPO",2023,0
"Greece","ALELGRBPO",2024,0
"Greece","ALELGRBPO",2025,0
"Greece","ALELGRBPO",2026,0
"Greece","ALELGRBPO",2027,0
"Greece","ALELGRBPO",2028,0
"Greece","ALELGRBPO",2029,0
"Greece","ALELGRBPO",2030,0
"Greece","ALELGRBPO",2031,0
"Greece","ALELGRBPO",2032,0
"Greece","ALELGRBPO",2033,0
"Greece","ALELGRBPO",2034,0
"Greece","ALELGRBPO",2035,0
"Greece","ALELGRBPO",2036,0
"Greece","ALELGRBPO",2037,0
"Greece","ALELGRBPO",2038,0
"Greece","ALELGRBPO",2039,0
"Greece","ALELGRBPO",2040,0
"Greece","ALELGRBPO",2041,0
"Greece","ALELGRBPO",2042,0
"Greece","ALELGRBPO",2043,0
"Greece","ALELGRBPO",2044,0
"Greece","ALELGRBPO",2045,0
"Greece","ALELGRBPO",2046,0
"Greece","ALELGRBPO",2047,0
"Greece","ALELGRBPO",2048,0
"Greece","ALELGRBPO",2049,0
"Greece","ALELGRBPO",2050,0
"Greece","BATT",2019,0
"Greece","BATT",2020,0
"Greece","BATT",2021,0
"Greece","BATT",2022,0
"Greece","BATT",2023,0
"Greece","BATT",2024,0
"Greece","BATT",2025,0
"Greece","BATT",2026,0
"Greece","BATT",2027,0
"Greece","BATT",2028,0
"Greece","BATT",2029,0
"Greece","BATT",2030,0
"Greece","BATT",2031,0
"Greece","BATT",2032,0
"Greece","BATT",2033,0
"Greece","BATT",2034,0
"Greece","BATT",2035,0
"Greece","BATT",2036,0
"Greece","BATT",2037,0
"Greece","BATT",2038,0
"Greece","BATT",2039,0
"Greece","BATT",2040,0
"Greece","BATT",2041,0
"Greece","BATT",2042,0
"Greece","BATT",2043,0
"Greece","BATT",2044,0
"Greece","BATT",2045,0
"Greece","BATT",2046,0
"Greece","BATT",2047,0
"Greece","BATT",2048,0
"Greece","BATT",2049,0
"Greece","BATT",2050,0
"Greece","GEOPWR_H",2019,0
"Greece","GEOPWR_H",2020,0
"Greece","GEOPWR_H",2021,0
"Greece","GEOPWR_H",2022,0
"Greece","GEOPWR_H",2023,0
"Greece","GEOPWR_H",2024,0
"Greece","GEOPWR_H",2025,0
"Greece","GEOPWR_H",2026,0
"Greece","GEOPWR_H",2027,0
"Greece","GEOPWR_H",2028,0
"Greece","GEOPWR_H",2029,0
"Greece","GEOPWR_H",2030,0
"Greece","GEOPWR_H",2031,0
"Greece","GEOPWR_H",2032,0
"Greece","GEOPWR_H",2033,0
"Greece","GEOPWR_H",2034,0
"Greece","GEOPWR_H",2035,928.472
"Greece","GEOPWR_H",2036,0
"Greece","GEOPWR_H",2037,0
"Greece","GEOPWR_H",2038,0
"Greece","GEOPWR_H",2039,0
"Greece","GEOPWR_H",2040,0
"Greece","GEOPWR_H",2041,0
"Greece","GEOPWR_H",2042,0
"Greece","GEOPWR_H",2043,0
"Greece","GEOPWR_H",2044,0
"Greece","GEOPWR_H",2045,0
"Greece","GEOPWR_H",2046,0
"Greece","GEOPWR_H",2047,0
"Greece","GEOPWR_H",2048,0
"Greece","GEOPWR_H",2049,0
"Greece","GEOPWR_H",2050,0
"Greece","GEOPWR_M",2019,0
"Greece","GEOPWR_M",2020,0
"Greece","GEOPWR_M",2021,0
"Greece","GEOPWR_M",2022,0
"Greece","GEOPWR_M",2023,0
"Greece","GEOPWR_M",2024,0
"Greece","GEOPWR_M",2025,0
"Greece","GEOPWR_M",2026,0
"Greece","GEOPWR_M",2027,0
"Greece","GEOPWR_M",2028,0
"Greece","GEOPWR_M",2029,0
"Greece","GEOPWR_M",2030,0
"Greece","GEOPWR_M",2031,0
"Greece","GEOPWR_M",2032,0
"Greece","GEOPWR_M",2033,0
"Greece","GEOPWR_M",2034,0
"Greece","GEOPWR_M",2035,0
"Greece","GEOPWR_M",2036,0
"Greece","GEOPWR_M",2037,0
"Greece","GEOPWR_M",2038,0
"Greece","GEOPWR_M",2039,0
"Greece","GEOPWR_M",2040,0
"Greece","GEOPWR_M",2041,0
"Greece","GEOPWR_M",2042,0
"Greece","GEOPWR_M",2043,0
"Greece","GEOPWR_M",2044,0
"Greece","GEOPWR_M",2045,0
"Greece","GEOPWR_M",2046,1270.63221643559
"Greece","GEOPWR_M",2047,0
"Greece","GEOPWR_M",2048,0
"Greece","GEOPWR_M",2049,1275.905
"Greece","GEOPWR_M",2050,53.0422915585481
"Greece","GRBM00I00",2019,0
"Greece","GRBM00I00",2020,0
"Greece","GRBM00I00",2021,0
"Greece","GRBM00I00",2022,0
"Greece","GRBM00I00",2023,0
"Greece","GRBM00I00",2024,0
"Greece","GRBM00I00",2025,0
"Greece","GRBM00I00",2026,0
"Greece","GRBM00I00",2027,0
"Greece","GRBM00I00",2028,0
"Greece","GRBM00I00",2029,0
"Greece","GRBM00I00",2030,0
"Greece","GRBM00I00",2031,0
"Greece","GRBM00I00",2032,0
"Greece","GRBM00I00",2033,0
"Greece","GRBM00I00",2034,0
"Greece","GRBM00I00",2035,0.00219601327045061
"Greece","GRBM00I00",2036,0
"Greece","GRBM00I00",2037,0
"Greece","GRBM00I00",2038,0
"Greece","GRBM00I00",2039,0
"Greece","GRBM00I00",2040,0
"Greece","GRBM00I00",2041,0
"Greece","GRBM00I00",2042,0
"Greece","GRBM00I00",2043,0.000577175567365936
"Greece","GRBM00I00",2044,0.000210971146373196
"Greece","GRBM00I00",2045,0
"Greece","GRBM00I00",2046,0
"Greece","GRBM00I00",2047,0
"Greece","GRBM00I00",2048,0
"Greece","GRBM00I00",2049,0
"Greece","GRBM00I00",2050,0
"Greece","GRBM00X00",2019,0.00054779734944
"Greece","GRBM00X00",2020,0
"Greece","GRBM00X00",2021,0
"Greece","GRBM00X00",2022,0.00107817358176
"Greece","GRBM00X00",2023,0.0010549454256
"Greece","GRBM00X00",2024,0.00103171726944
"Greece","GRBM00X00",2025,0
"Greece","GRBM00X00",2026,0
"Greece","GRBM00X00",2027,0
"Greece","GRBM00X00",2028,0
"Greece","GRBM00X00",2029,0
"Greece","GRBM00X00",2030,0
"Greece","GRBM00X00",2031,0
"Greece","GRBM00X00",2032,0
"Greece","GRBM00X00",2033,0.000710078491793205
"Greece","GRBM00X00",2034,0.000993257855999999
"Greece","GRBM00X00",2035,0.000968024675566797
"Greece","GRBM00X00",2036,0
"Greece","GRBM00X00",2037,0
"Greece","GRBM00X00",2038,0
"Greece","GRBM00X00",2039,0
"Greece","GRBM00X00",2040,0
"Greece","GRBM00X00",2041,0
"Greece","GRBM00X00",2042,0
"Greece","GRBM00X00",2043,0
"Greece","GRBM00X00",2044,0
"Greece","GRBM00X00",2045,0
"Greece","GRBM00X00",2046,0
"Greece","GRBM00X00",2047,0
"Greece","GRBM00X00",2048,0
"Greece","GRBM00X00",2049,0
"Greece","GRBM00X00",2050,0
"Greece","GRCO00I00",2019,0
"Greece","GRCO00I00",2020,0
"Greece","GRCO00I00",2021,0.00532285776065939
"Greece","GRCO00I00",2022,0
"Greece","GRCO00I00",2023,0
"Greece","GRCO00I00",2024,0
"Greece","GRCO00I00",2025,0
"Greece","GRCO00I00",2026,0
"Greece","GRCO00I00",2027,0
"Greece","GRCO00I00",2028,0
"Greece","GRCO00I00",2029,0
"Greece","GRCO00I00",2030,0
"Greece","GRCO00I00",2031,0
"Greece","GRCO00I00",2032,0
"Greece","GRCO00I00",2033,0
"Greece","GRCO00I00",2034,0
"Greece","GRCO00I00",2035,0
"Greece","GRCO00I00",2036,0
"Greece","GRCO00I00",2037,0
"Greece","GRCO00I00",2038,0
"Greece","GRCO00I00",2039,0
"Greece","GRCO00I00",2040,0
"Greece","GRCO00I00",2041,0
"Greece","GRCO00I00",2042,0
"Greece","GRCO00I00",2043,0
"Greece","GRCO00I00",2044,0
"Greece","GRCO00I00",2045,0
"Greece","GRCO00I00",2046,0
"Greece","GRCO00I00",2047,0
"Greece","GRCO00I00",2048,0
"Greece","GRCO00I00",2049,0
"Greece","GRCO00I00",2050,0
"Greece","GRCO00X00",2019,0.00702771637523591
"Greece","GRCO00X00",2020,0
"Greece","GRCO00X00",2021,0
"Greece","GRCO00X00",2022,0
"Greece","GRCO00X00",2023,0
"Greece","GRCO00X00",2024,0
"Greece","GRCO00X00",2025,0
"Greece","GRCO00X00",2026,0
"Greece","GRCO00X00",2027,0
"Greece","GRCO00X00",2028,0
"Greece","GRCO00X00",2029,0
"Greece","GRCO00X00",2030,0
"Greece","GRCO00X00",2031,0
"Greece","GRCO00X00",2032,0
"Greece","GRCO00X00",2033,0
"Greece","GRCO00X00",2034,0
"Greece","GRCO00X00",2035,0
"Greece","GRCO00X00",2036,0
"Greece","GRCO00X00",2037,0
"Greece","GRCO00X00",2038,0
"Greece","GRCO00X00",2039,0
"Greece","GRCO00X00",2040,0
"Greece","GRCO00X00",2041,0
"Greece","GRCO00X00",2042,0
"Greece","GRCO00X00",2043,0
"Greece","GRCO00X00",2044,0
"Greece","GRCO00X00",2045,0
"Greece","GRCO00X00",2046,0
"Greece","GRCO00X00",2047,0
"Greece","GRCO00X00",2048,0
"Greece","GRCO00X00",2049,0
"Greece","GRCO00X00",2050,0
"Greece","GRELALBP0",2019,0
"Greece","GRELALBP0",2020,0
"Greece","GRELALBP0",2021,0
"Greece","GRELALBP0",2022,0
"Greece","GRELALBP0",2023,0
"Greece","GRELALBP0",2024,0
"Greece","GRELALBP0",2025,0
"Greece","GRELALBP0",2026,0
"Greece","GRELALBP0",2027,0
"Greece","GRELALBP0",2028,0
"Greece","GRELALBP0",2029,0
"Greece","GRELALBP0",2030,0
"Greece","GRELALBP0",2031,0
"Greece","GRELALBP0",2032,0
"Greece","GRELALBP0",2033,0
"Greece","GRELALBP0",2034,0
"Greece","GRELALBP0",2035,0
"Greece","GRELALBP0",2036,1813.6755345386
"Greece","GRELALBP0",2037,388.570453344511
"Greece","GRELALBP0",2038,293.669885255524
"Greece","GRELALBP0",2039,290.994219538746
"Greece","GRELALBP0",2040,265.561566828893
"Greece","GRELALBP0",2041,243.799943408102
"Greece","GRELALBP0",2042,169.67488953943
"Greece","GRELALBP0",2043,0
"Greece","GRELALBP0",2044,0
"Greece","GRELALBP0",2045,0
"Greece","GRELALBP0",2046,0
"Greece","GRELALBP0",2047,0
"Greece","GRELALBP0",2048,0
"Greece","GRELALBP0",2049,0
"Greece","GRELALBP0",2050,0
"Greece","GRHF00I00",2019,0.00126929292929293
"Greece","GRHF00I00",2020,0
"Greece","GRHF00I00",2021,0
"Greece","GRHF00I00",2022,0
"Greece","GRHF00I00",2023,0
"Greece","GRHF00I00",2024,0
"Greece","GRHF00I00",2025,0
"Greece","GRHF00I00",2026,0
"Greece","GRHF00I00",2027,0
"Greece","GRHF00I00",2028,0
"Greece","GRHF00I00",2029,0
"Greece","GRHF00I00",2030,0
"Greece","GRHF00I00",2031,0
"Greece","GRHF00I00",2032,0
"Greece","GRHF00I00",2033,0
"Greece","GRHF00I00",2034,0
"Greece","GRHF00I00",2035,0
"Greece","GRHF00I00",2036,0
"Greece","GRHF00I00",2037,0
"Greece","GRHF00I00",2038,0
"Greece","GRHF00I00",2039,0
"Greece","GRHF00I00",2040,0
"Greece","GRHF00I00",2041,0
"Greece","GRHF00I00",2042,0
"Greece","GRHF00I00",2043,0
"Greece","GRHF00I00",2044,0
"Greece","GRHF00I00",2045,0
"Greece","GRHF00I00",2046,0
"Greece","GRHF00I00",2047,0
"Greece","GRHF00I00",2048,0
"Greece","GRHF00I00",2049,0
"Greece","GRHF00I00",2050,0
"Greece","GRMBACKSTOP",2019,8032173.4374624
"Greece","GRMBACKSTOP",2020,258552.934444803
"Greece","GRMBACKSTOP",2021,237108.668889603
"Greece","GRMBACKSTOP",2022,0
"Greece","GRMBACKSTOP",2023,0
"Greece","GRMBACKSTOP",2024,0
"Greece","GRMBACKSTOP",2025,0
"Greece","GRMBACKSTOP",2026,0
"Greece","GRMBACKSTOP",2027,0
"Greece","GRMBACKSTOP",2028,0
"Greece","GRMBACKSTOP",2029,0
"Greece","GRMBACKSTOP",2030,0
"Greece","GRMBACKSTOP",2031,0
"Greece","GRMBACKSTOP",2032,0
"Greece","GRMBACKSTOP",2033,0
"Greece","GRMBACKSTOP",2034,0
"Greece","GRMBACKSTOP",2035,0
"Greece","GRMBACKSTOP",2036,0
"Greece","GRMBACKSTOP",2037,0
"Greece","GRMBACKSTOP",2038,0
"Greece","GRMBACKSTOP",2039,0
"Greece","GRMBACKSTOP",2040,0
"Greece","GRMBACKSTOP",2041,0
"Greece","GRMBACKSTOP",2042,0
"Greece","GRMBACKSTOP",2043,0
"Greece","GRMBACKSTOP",2044,0
"Greece","GRMBACKSTOP",2045,0
"Greece","GRMBACKSTOP",2046,0
"Greece","GRMBACKSTOP",2047,0
"Greece","GRMBACKSTOP",2048,0
"Greece","GRMBACKSTOP",2049,0
"Greece","GRMBACKSTOP",2050,0
"Greece","GRMBMCHP00",2019,0
"Greece","GRMBMCHP00",2020,28.2099
"Greece","GRMBMCHP00",2021,27.9278
"Greece","GRMBMCHP00",2022,552.914
"Greece","GRMBMCHP00",2023,547.272
"Greece","GRMBMCHP00",2024,541.63
"Greece","GRMBMCHP00",2025,0
"Greece","GRMBMCHP00",2026,0
"Greece","GRMBMCHP00",2027,0
"Greece","GRMBMCHP00",2028,0
"Greece","GRMBMCHP00",2029,0
"Greece","GRMBMCHP00",2030,0
"Greece","GRMBMCHP00",2031,0
"Greece","GRMBMCHP00",2032,0
"Greece","GRMBMCHP00",2033,475.712967948463
"Greece","GRMBMCHP00",2034,496.494
"Greece","GRMBMCHP00",2035,493.672
"Greece","GRMBMCHP00",2036,0
"Greece","GRMBMCHP00",2037,0
"Greece","GRMBMCHP00",2038,0
"Greece","GRMBMCHP00",2039,0
"Greece","GRMBMCHP00",2040,0
"Greece","GRMBMCHP00",2041,0
"Greece","GRMBMCHP00",2042,0
"Greece","GRMBMCHP00",2043,0
"Greece","GRMBMCHP00",2044,0
"Greece","GRMBMCHP00",2045,0
"Greece","GRMBMCHP00",2046,0
"Greece","GRMBMCHP00",2047,0
"Greece","GRMBMCHP00",2048,0
"Greece","GRMBMCHP00",2049,0
"Greece","GRMBMCHP00",2050,73.4225893255625
"Greece","GRMCOSCP00",2019,0
"Greece","GRMCOSCP00",2020,0
"Greece","GRMCOSCP00",2021,0
"Greece","GRMCOSCP00",2022,0
"Greece","GRMCOSCP00",2023,0
"Greece","GRMCOSCP00",2024,0
"Greece","GRMCOSCP00",2025,0
"Greece","GRMCOSCP00",2026,0
"Greece","GRMCOSCP00",2027,0
"Greece","GRMCOSCP00",2028,0
"Greece","GRMCOSCP00",2029,0
"Greece","GRMCOSCP00",2030,0
"Greece","GRMCOSCP00",2031,0
"Greece","GRMCOSCP00",2032,0
"Greece","GRMCOSCP00",2033,0
"Greece","GRMCOSCP00",2034,0
"Greece","GRMCOSCP00",2035,0
"Greece","GRMCOSCP00",2036,0
"Greece","GRMCOSCP00",2037,0
"Greece","GRMCOSCP00",2038,0
"Greece","GRMCOSCP00",2039,0
"Greece","GRMCOSCP00",2040,0
"Greece","GRMCOSCP00",2041,0
"Greece","GRMCOSCP00",2042,0
"Greece","GRMCOSCP00",2043,0
"Greece","GRMCOSCP00",2044,0
"Greece","GRMCOSCP00",2045,0
"Greece","GRMCOSCP00",2046,0
"Greece","GRMCOSCP00",2047,0
"Greece","GRMCOSCP00",2048,0
"Greece","GRMCOSCP00",2049,0
"Greece","GRMCOSCP00",2050,0
"Greece","GRMCOSCP00_Ptol",2019,0
"Greece","GRMCOSCP00_Ptol",2020,0
"Greece","GRMCOSCP00_Ptol",2021,0
"Greece","GRMCOSCP00_Ptol",2022,0
"Greece","GRMCOSCP00_Ptol",2023,1974.693
"Greece","GRMCOSCP00_Ptol",2024,0
"Greece","GRMCOSCP00_Ptol",2025,0
"Greece","GRMCOSCP00_Ptol",2026,0
"Greece","GRMCOSCP00_Ptol",2027,0
"Greece","GRMCOSCP00_Ptol",2028,0
"Greece","GRMCOSCP00_Ptol",2029,0
"Greece","GRMCOSCP00_Ptol",2030,0
"Greece","GRMCOSCP00_Ptol",2031,0
"Greece","GRMCOSCP00_Ptol",2032,0
"Greece","GRMCOSCP00_Ptol",2033,0
"Greece","GRMCOSCP00_Ptol",2034,0
"Greece","GRMCOSCP00_Ptol",2035,0
"Greece","GRMCOSCP00_Ptol",2036,0
"Greece","GRMCOSCP00_Ptol",2037,0
"Greece","GRMCOSCP00_Ptol",2038,0
"Greece","GRMCOSCP00_Ptol",2039,0
"Greece","GRMCOSCP00_Ptol",2040,0
"Greece","GRMCOSCP00_Ptol",2041,0
"Greece","GRMCOSCP00_Ptol",2042,0
"Greece","GRMCOSCP00_Ptol",2043,0
"Greece","GRMCOSCP00_Ptol",2044,0
"Greece","GRMCOSCP00_Ptol",2045,0
"Greece","GRMCOSCP00_Ptol",2046,0
"Greece","GRMCOSCP00_Ptol",2047,0
"Greece","GRMCOSCP00_Ptol",2048,0
"Greece","GRMCOSCP00_Ptol",2049,0
"Greece","GRMCOSCP00_Ptol",2050,0
"Greece","GRMEL00T00",2019,0
"Greece","GRMEL00T00",2020,0
"Greece","GRMEL00T00",2021,0
"Greece","GRMEL00T00",2022,2946.04978384841
"Greece","GRMEL00T00",2023,4.01367458584218
"Greece","GRMEL00T00",2024,3.97345385811731
"Greece","GRMEL00T00",2025,3.93319196280819
"Greece","GRMEL00T00",2026,3.89293006750014
"Greece","GRMEL00T00",2027,3.85270933977524
"Greece","GRMEL00T00",2028,3.81244744446616
"Greece","GRMEL00T00",2029,47.9873544106956
"Greece","GRMEL00T00",2030,3.73196482143117
"Greece","GRMEL00T00",2031,53.6678485871219
"Greece","GRMEL00T00",2032,53.3498433591423
"Greece","GRMEL00T00",2033,53.0324336465719
"Greece","GRMEL00T00",2034,95.4294924227381
"Greece","GRMEL00T00",2035,52.3976142214257
"Greece","GRMEL00T00",2036,52.0796089934502
"Greece","GRMEL00T00",2037,51.7621992808759
"Greece","GRMEL00T00",2038,93.1299995698497
"Greece","GRMEL00T00",2039,51.1273798557359
"Greece","GRMEL00T00",2040,50.8093746277526
"Greece","GRMEL00T00",2041,91.4051104162524
"Greece","GRMEL00T00",2042,50.1745552026134
"Greece","GRMEL00T00",2043,56.0452194030842
"Greece","GRMEL00T00",2044,200.705405002978
"Greece","GRMEL00T00",2045,79.7677740277512
"Greece","GRMEL00T00",2046,79.2533860543066
"Greece","GRMEL00T00",2047,78.7389980808692
"Greece","GRMEL00T00",2048,117.335467540203
"Greece","GRMEL00T00",2049,169.958315749014
"Greece","GRMEL00T00",2050,53.5462429929618
"Greece","GRMHFSTP00",2019,0
"Greece","GRMHFSTP00",2020,0
"Greece","GRMHFSTP00",2021,0
"Greece","GRMHFSTP00",2022,0
"Greece","GRMHFSTP00",2023,0
"Greece","GRMHFSTP00",2024,0
"Greece","GRMHFSTP00",2025,0
"Greece","GRMHFSTP00",2026,0
"Greece","GRMHFSTP00",2027,0
"Greece","GRMHFSTP00",2028,0
"Greece","GRMHFSTP00",2029,0
"Greece","GRMHFSTP00",2030,0
"Greece","GRMHFSTP00",2031,0
"Greece","GRMHFSTP00",2032,0
"Greece","GRMHFSTP00",2033,0
"Greece","GRMHFSTP00",2034,0
"Greece","GRMHFSTP00",2035,0
"Greece","GRMHFSTP00",2036,0
"Greece","GRMHFSTP00",2037,0
"Greece","GRMHFSTP00",2038,0
"Greece","GRMHFSTP00",2039,0
"Greece","GRMHFSTP00",2040,0
"Greece","GRMHFSTP00",2041,0
"Greece","GRMHFSTP00",2042,0
"Greece","GRMHFSTP00",2043,0
"Greece","GRMHFSTP00",2044,0
"Greece","GRMHFSTP00",2045,0
"Greece","GRMHFSTP00",2046,0
"Greece","GRMHFSTP00",2047,0
"Greece","GRMHFSTP00",2048,0
"Greece","GRMHFSTP00",2049,0
"Greece","GRMHFSTP00",2050,0
"Greece","GRMHYDMS01",2019,0
"Greece","GRMHYDMS01",2020,29.2374
"Greece","GRMHYDMS01",2021,29.2374
"Greece","GRMHYDMS01",2022,0
"Greece","GRMHYDMS01",2023,0
"Greece","GRMHYDMS01",2024,0
"Greece","GRMHYDMS01",2025,0
"Greece","GRMHYDMS01",2026,0
"Greece","GRMHYDMS01",2027,0
"Greece","GRMHYDMS01",2028,0
"Greece","GRMHYDMS01",2029,0
"Greece","GRMHYDMS01",2030,0
"Greece","GRMHYDMS01",2031,0
"Greece","GRMHYDMS01",2032,0
"Greece","GRMHYDMS01",2033,0
"Greece","GRMHYDMS01",2034,0
"Greece","GRMHYDMS01",2035,0
"Greece","GRMHYDMS01",2036,0
"Greece","GRMHYDMS01",2037,0
"Greece","GRMHYDMS01",2038,0
"Greece","GRMHYDMS01",2039,0
"Greece","GRMHYDMS01",2040,0
"Greece","GRMHYDMS01",2041,0
"Greece","GRMHYDMS01",2042,0
"Greece","GRMHYDMS01",2043,0
"Greece","GRMHYDMS01",2044,0
"Greece","GRMHYDMS01",2045,0
"Greece","GRMHYDMS01",2046,0
"Greece","GRMHYDMS01",2047,0
"Greece","GRMHYDMS01",2048,0
"Greece","GRMHYDMS01",2049,0
"Greece","GRMHYDMS01",2050,0
"Greece","GRMHYDMS02",2019,0
"Greece","GRMHYDMS02",2020,0
"Greece","GRMHYDMS02",2021,0
"Greece","GRMHYDMS02",2022,0
"Greece","GRMHYDMS02",2023,0
"Greece","GRMHYDMS02",2024,0
"Greece","GRMHYDMS02",2025,0
"Greece","GRMHYDMS02",2026,0
"Greece","GRMHYDMS02",2027,0
"Greece","GRMHYDMS02",2028,0
"Greece","GRMHYDMS02",2029,0
"Greece","GRMHYDMS02",2030,0
"Greece","GRMHYDMS02",2031,0
"Greece","GRMHYDMS02",2032,0
"Greece","GRMHYDMS02",2033,0
"Greece","GRMHYDMS02",2034,0
"Greece","GRMHYDMS02",2035,0
"Greece","GRMHYDMS02",2036,0
"Greece","GRMHYDMS02",2037,0
"Greece","GRMHYDMS02",2038,0
"Greece","GRMHYDMS02",2039,0
"Greece","GRMHYDMS02",2040,0
"Greece","GRMHYDMS02",2041,0
"Greece","GRMHYDMS02",2042,0
"Greece","GRMHYDMS02",2043,0
"Greece","GRMHYDMS02",2044,0
"Greece","GRMHYDMS02",2045,0
"Greece","GRMHYDMS02",2046,0
"Greece","GRMHYDMS02",2047,0
"Greece","GRMHYDMS02",2048,0
"Greece","GRMHYDMS02",2049,0
"Greece","GRMHYDMS02",2050,0
"Greece","GRMHYDMS03",2019,0
"Greece","GRMHYDMS03",2020,0
"Greece","GRMHYDMS03",2021,0
"Greece","GRMHYDMS03",2022,0
"Greece","GRMHYDMS03",2023,0
"Greece","GRMHYDMS03",2024,0
"Greece","GRMHYDMS03",2025,0
"Greece","GRMHYDMS03",2026,0
"Greece","GRMHYDMS03",2027,0
"Greece","GRMHYDMS03",2028,0
"Greece","GRMHYDMS03",2029,0
"Greece","GRMHYDMS03",2030,0
"Greece","GRMHYDMS03",2031,0
"Greece","GRMHYDMS03",2032,0
"Greece","GRMHYDMS03",2033,0
"Greece","GRMHYDMS03",2034,0
"Greece","GRMHYDMS03",2035,0
"Greece","GRMHYDMS03",2036,0
"Greece","GRMHYDMS03",2037,0
"Greece","GRMHYDMS03",2038,0
"Greece","GRMHYDMS03",2039,0
"Greece","GRMHYDMS03",2040,0
"Greece","GRMHYDMS03",2041,0
"Greece","GRMHYDMS03",2042,0
"Greece","GRMHYDMS03",2043,0
"Greece","GRMHYDMS03",2044,0
"Greece","GRMHYDMS03",2045,0
"Greece","GRMHYDMS03",2046,0
"Greece","GRMHYDMS03",2047,0
"Greece","GRMHYDMS03",2048,0
"Greece","GRMHYDMS03",2049,0
"Greece","GRMHYDMS03",2050,0
"Greece","GRMNGCCP00",2019,0
"Greece","GRMNGCCP00",2020,358.546
"Greece","GRMNGCCP00",2021,0
"Greece","GRMNGCCP00",2022,0
"Greece","GRMNGCCP00",2023,0
"Greece","GRMNGCCP00",2024,0
"Greece","GRMNGCCP00",2025,0
"Greece","GRMNGCCP00",2026,0
"Greece","GRMNGCCP00",2027,0
"Greece","GRMNGCCP00",2028,0
"Greece","GRMNGCCP00",2029,0
"Greece","GRMNGCCP00",2030,0
"Greece","GRMNGCCP00",2031,0
"Greece","GRMNGCCP00",2032,0
"Greece","GRMNGCCP00",2033,0
"Greece","GRMNGCCP00",2034,0
"Greece","GRMNGCCP00",2035,0
"Greece","GRMNGCCP00",2036,0
"Greece","GRMNGCCP00",2037,0
"Greece","GRMNGCCP00",2038,0
"Greece","GRMNGCCP00",2039,0
"Greece","GRMNGCCP00",2040,0
"Greece","GRMNGCCP00",2041,0
"Greece","GRMNGCCP00",2042,0
"Greece","GRMNGCCP00",2043,0
"Greece","GRMNGCCP00",2044,0
"Greece","GRMNGCCP00",2045,0
"Greece","GRMNGCCP00",2046,0
"Greece","GRMNGCCP00",2047,0
"Greece","GRMNGCCP00",2048,0
"Greece","GRMNGCCP00",2049,0
"Greece","GRMNGCCP00",2050,0
"Greece","GRMNGGCP00",2019,0
"Greece","GRMNGGCP00",2020,0
"Greece","GRMNGGCP00",2021,0
"Greece","GRMNGGCP00",2022,0
"Greece","GRMNGGCP00",2023,0
"Greece","GRMNGGCP00",2024,0
"Greece","GRMNGGCP00",2025,0
"Greece","GRMNGGCP00",2026,0
"Greece","GRMNGGCP00",2027,0
"Greece","GRMNGGCP00",2028,0
"Greece","GRMNGGCP00",2029,0
"Greece","GRMNGGCP00",2030,0
"Greece","GRMNGGCP00",2031,0
"Greece","GRMNGGCP00",2032,0
"Greece","GRMNGGCP00",2033,0
"Greece","GRMNGGCP00",2034,0
"Greece","GRMNGGCP00",2035,0
"Greece","GRMNGGCP00",2036,0
"Greece","GRMNGGCP00",2037,0
"Greece","GRMNGGCP00",2038,0
"Greece","GRMNGGCP00",2039,0
"Greece","GRMNGGCP00",2040,0
"Greece","GRMNGGCP00",2041,0
"Greece","GRMNGGCP00",2042,0
"Greece","GRMNGGCP00",2043,0
"Greece","GRMNGGCP00",2044,0
"Greece","GRMNGGCP00",2045,0
"Greece","GRMNGGCP00",2046,0
"Greece","GRMNGGCP00",2047,0
"Greece","GRMNGGCP00",2048,0
"Greece","GRMNGGCP00",2049,0
"Greece","GRMNGGCP00",2050,0
"Greece","GRMSOC1P00",2019,0
"Greece","GRMSOC1P00",2020,0
"Greece","GRMSOC1P00",2021,0
"Greece","GRMSOC1P00",2022,0
"Greece","GRMSOC1P00",2023,0
"Greece","GRMSOC1P00",2024,0
"Greece","GRMSOC1P00",2025,0
"Greece","GRMSOC1P00",2026,0
"Greece","GRMSOC1P00",2027,0
"Greece","GRMSOC1P00",2028,0
"Greece","GRMSOC1P00",2029,0
"Greece","GRMSOC1P00",2030,0
"Greece","GRMSOC1P00",2031,0
"Greece","GRMSOC1P00",2032,0
"Greece","GRMSOC1P00",2033,0
"Greece","GRMSOC1P00",2034,0
"Greece","GRMSOC1P00",2035,0
"Greece","GRMSOC1P00",2036,0
"Greece","GRMSOC1P00",2037,0
"Greece","GRMSOC1P00",2038,0
"Greece","GRMSOC1P00",2039,0
"Greece","GRMSOC1P00",2040,0
"Greece","GRMSOC1P00",2041,0
"Greece","GRMSOC1P00",2042,0
"Greece","GRMSOC1P00",2043,0
"Greece","GRMSOC1P00",2044,0
"Greece","GRMSOC1P00",2045,0
"Greece","GRMSOC1P00",2046,0
"Greece","GRMSOC1P00",2047,0
"Greece","GRMSOC1P00",2048,0
"Greece","GRMSOC1P00",2049,0
"Greece","GRMSOC1P00",2050,0
"Greece","GRMSOU1P03",2019,139.05
"Greece","GRMSOU1P03",2020,397.826
"Greece","GRMSOU1P03",2021,566.8551
"Greece","GRMSOU1P03",2022,613.921
"Greece","GRMSOU1P03",2023,597.996
"Greece","GRMSOU1P03",2024,582.078
"Greece","GRMSOU1P03",2025,566.153
"Greece","GRMSOU1P03",2026,550.235
"Greece","GRMSOU1P03",2027,534.317
"Greece","GRMSOU1P03",2028,518.392
"Greece","GRMSOU1P03",2029,437.870199999999
"Greece","GRMSOU1P03",2030,0
"Greece","GRMSOU1P03",2031,513.645
"Greece","GRMSOU1P03",2032,505.9875
"Greece","GRMSOU1P03",2033,498.3225
"Greece","GRMSOU1P03",2034,490.665
"Greece","GRMSOU1P03",2035,483.0075
"Greece","GRMSOU1P03",2036,475.3425
"Greece","GRMSOU1P03",2037,467.685
"Greece","GRMSOU1P03",2038,460.0275
"Greece","GRMSOU1P03",2039,452.37
"Greece","GRMSOU1P03",2040,435.8475
"Greece","GRMSOU1P03",2041,438.765
"Greece","GRMSOU1P03",2042,432.8175
"Greece","GRMSOU1P03",2043,426.8775
"Greece","GRMSOU1P03",2044,420.93
"Greece","GRMSOU1P03",2045,414.99
"Greece","GRMSOU1P03",2046,409.05
"Greece","GRMSOU1P03",2047,403.1025
"Greece","GRMSOU1P03",2048,397.1625
"Greece","GRMSOU1P03",2049,391.215
"Greece","GRMSOU1P03",2050,377.6025
"Greece","GRMSOV1F01",2019,1e-06
"Greece","GRMSOV1F01",2020,2e-06
"Greece","GRMSOV1F01",2021,4e-06
"Greece","GRMSOV1F01",2022,2.5e-05
"Greece","GRMSOV1F01",2023,2.5e-05
"Greece","GRMSOV1F01",2024,2.5e-05
"Greece","GRMSOV1F01",2025,2.5e-05
"Greece","GRMSOV1F01",2026,2.5e-05
"Greece","GRMSOV1F01",2027,244.1675
"Greece","GRMSOV1F01",2028,232.79
"Greece","GRMSOV1F01",2029,221.41
"Greece","GRMSOV1F01",2030,210.0325
"Greece","GRMSOV1F01",2031,82.038
"Greece","GRMSOV1F01",2032,80.062
"Greece","GRMSOV1F01",2033,78.087
"Greece","GRMSOV1F01",2034,76.111
"Greece","GRMSOV1F01",2035,74.135
"Greece","GRMSOV1F01",2036,72.16
"Greece","GRMSOV1F01",2037,70.184
"Greece","GRMSOV1F01",2038,68.209
"Greece","GRMSOV1F01",2039,66.233
"Greece","GRMSOV1F01",2040,64.258
"Greece","GRMSOV1F01",2041,63.733
"Greece","GRMSOV1F01",2042,63.208
"Greece","GRMSOV1F01",2043,50.1471999999997
"Greece","GRMSOV1F01",2044,0
"Greece","GRMSOV1F01",2045,0
"Greece","GRMSOV1F01",2046,0
"Greece","GRMSOV1F01",2047,0
"Greece","GRMSOV1F01",2048,0
"Greece","GRMSOV1F01",2049,59.536
"Greece","GRMSOV1F01",2050,59.012
"Greece","GRMWIP00",2019,1169.3925
"Greece","GRMWIP00",2020,791.0049
"Greece","GRMWIP00",2021,416.5641
"Greece","GRMWIP00",2022,1304.4695
"Greece","GRMWIP00",2023,1297.5335
"Greece","GRMWIP00",2024,1290.5975
"Greece","GRMWIP00",2025,1283.6615
"Greece","GRMWIP00",2026,1276.7255
"Greece","GRMWIP00",2027,1269.7895
"Greece","GRMWIP00",2028,1262.8535
"Greece","GRMWIP00",2029,1255.926
"Greece","GRMWIP00",2030,1190.214
"Greece","GRMWIP00",2031,1240.8215
"Greece","GRMWIP00",2032,1232.653
"Greece","GRMWIP00",2033,1224.4845
"Greece","GRMWIP00",2034,1216.316
"Greece","GRMWIP00",2035,1208.1475
"Greece","GRMWIP00",2036,1199.979
"Greece","GRMWIP00",2037,1191.8105
"Greece","GRMWIP00",2038,828.799173374663
"Greece","GRMWIP00",2039,0
"Greece","GRMWIP00",2040,0
"Greece","GRMWIP00",2041,0
"Greece","GRMWIP00",2042,0
"Greece","GRMWIP00",2043,0
"Greece","GRMWIP00",2044,0
"Greece","GRMWIP00",2045,0
"Greece","GRMWIP00",2046,0
"Greece","GRMWIP00",2047,0
"Greece","GRMWIP00",2048,0
"Greece","GRMWIP00",2049,684.78
"Greece","GRMWIP00",2050,684.57
"Greece","GRMWIP01",2019,0
"Greece","GRMWIP01",2020,0
"Greece","GRMWIP01",2021,0
"Greece","GRMWIP01",2022,0
"Greece","GRMWIP01",2023,0
"Greece","GRMWIP01",2024,0
"Greece","GRMWIP01",2025,0
"Greece","GRMWIP01",2026,0
"Greece","GRMWIP01",2027,0
"Greece","GRMWIP01",2028,0
"Greece","GRMWIP01",2029,0
"Greece","GRMWIP01",2030,1011.0415
"Greece","GRMWIP01",2031,430.786499999998
"Greece","GRMWIP01",2032,713.78
"Greece","GRMWIP01",2033,709.585
"Greece","GRMWIP01",2034,705.3875
"Greece","GRMWIP01",2035,701.1925
"Greece","GRMWIP01",2036,696.995
"Greece","GRMWIP01",2037,692.8
"Greece","GRMWIP01",2038,688.6025
"Greece","GRMWIP01",2039,684.4075
"Greece","GRMWIP01",2040,680.21
"Greece","GRMWIP01",2041,676.9475
"Greece","GRMWIP01",2042,0
"Greece","GRMWIP01",2043,0
"Greece","GRMWIP01",2044,0
"Greece","GRMWIP01",2045,0
"Greece","GRMWIP01",2046,0
"Greece","GRMWIP01",2047,0
"Greece","GRMWIP01",2048,0
"Greece","GRMWIP01",2049,0
"Greece","GRMWIP01",2050,0
"Greece","GRNG00I00",2019,0.00994659871267899
"Greece","GRNG00I00",2020,0.000166776631341178
"Greece","GRNG00I00",2021,0
"Greece","GRNG00I00",2022,0
"Greece","GRNG00I00",2023,0
"Greece","GRNG00I00",2024,0
"Greece","GRNG00I00",2025,0
"Greece","GRNG00I00",2026,0
"Greece","GRNG00I00",2027,0
"Greece","GRNG00I00",2028,0
"Greece","GRNG00I00",2029,0
"Greece","GRNG00I00",2030,0
"Greece","GRNG00I00",2031,0
"Greece","GRNG00I00",2032,0
"Greece","GRNG00I00",2033,0
"Greece","GRNG00I00",2034,0
"Greece","GRNG00I00",2035,0
"Greece","GRNG00I00",2036,0
"Greece","GRNG00I00",2037,0
"Greece","GRNG00I00",2038,0
"Greece","GRNG00I00",2039,0
"Greece","GRNG00I00",2040,0
"Greece","GRNG00I00",2041,0
"Greece","GRNG00I00",2042,0
"Greece","GRNG00I00",2043,0
"Greece","GRNG00I00",2044,0
"Greece","GRNG00I00",2045,0
"Greece","GRNG00I00",2046,0
"Greece","GRNG00I00",2047,0
"Greece","GRNG00I00",2048,0
"Greece","GRNG00I00",2049,0
"Greece","GRNG00I00",2050,0
"Greece","NGCHPPWR",2019,6.55052
"Greece","NGCHPPWR",2020,3.27526
"Greece","NGCHPPWR",2021,3.27526
"Greece","NGCHPPWR",2022,0
"Greece","NGCHPPWR",2023,0
"Greece","NGCHPPWR",2024,0
"Greece","NGCHPPWR",2025,0
"Greece","NGCHPPWR",2026,0
"Greece","NGCHPPWR",2027,0
"Greece","NGCHPPWR",2028,0
"Greece","NGCHPPWR",2029,0
"Greece","NGCHPPWR",2030,0
"Greece","NGCHPPWR",2031,0
"Greece","NGCHPPWR",2032,0
"Greece","NGCHPPWR",2033,0
"Greece","NGCHPPWR",2034,0
"Greece","NGCHPPWR",2035,0
"Greece","NGCHPPWR",2036,0
"Greece","NGCHPPWR",2037,0
"Greece","NGCHPPWR",2038,0
"Greece","NGCHPPWR",2039,0
"Greece","NGCHPPWR",2040,0
"Greece","NGCHPPWR",2041,0
"Greece","NGCHPPWR",2042,0
"Greece","NGCHPPWR",2043,0
"Greece","NGCHPPWR",2044,0
"Greece","NGCHPPWR",2045,0
"Greece","NGCHPPWR",2046,0
"Greece","NGCHPPWR",2047,0
"Greece","NGCHPPWR",2048,0
"Greece","NGCHPPWR",2049,0
"Greece","NGCHPPWR",2050,0
"Greece","NGSPROD",2019,5.05050505050505e-05
"Greece","NGSPROD",2020,0
"Greece","NGSPROD",2021,0
"Greece","NGSPROD",2022,0
"Greece","NGSPROD",2023,0
"Greece","NGSPROD",2024,0
"Greece","NGSPROD",2025,0
"Greece","NGSPROD",2026,5.05050505050505e-06
"Greece","NGSPROD",2027,0
"Greece","NGSPROD",2028,0
"Greece","NGSPROD",2029,0
"Greece","NGSPROD",2030,2.55255255255255e-05
"Greece","NGSPROD",2031,0
"Greece","NGSPROD",2032,0
"Greece","NGSPROD",2033,2.25225225225226e-06
"Greece","NGSPROD",2034,2.38095238095237e-06
"Greece","NGSPROD",2035,0
"Greece","NGSPROD",2036,0
"Greece","NGSPROD",2037,0
"Greece","NGSPROD",2038,0
"Greece","NGSPROD",2039,0
"Greece","NGSPROD",2040,0
"Greece","NGSPROD",2041,0
"Greece","NGSPROD",2042,0
"Greece","NGSPROD",2043,0
"Greece","NGSPROD",2044,0
"Greece","NGSPROD",2045,0
"Greece","NGSPROD",2046,0
"Greece","NGSPROD",2047,0
"Greece","NGSPROD",2048,0
"Greece","NGSPROD",2049,0
"Greece","NGSPROD",2050,0
"Greece","OILPROD",2019,0.000717171717171717
"Greece","OILPROD",2020,0
"Greece","OILPROD",2021,0
"Greece","OILPROD",2022,0
"Greece","OILPROD",2023,0
"Greece","OILPROD",2024,0
"Greece","OILPROD",2025,0
"Greece","OILPROD",2026,0
"Greece","OILPROD",2027,0
"Greece","OILPROD",2028,0
"Greece","OILPROD",2029,0
"Greece","OILPROD",2030,0
"Greece","OILPROD",2031,0
"Greece","OILPROD",2032,0
"Greece","OILPROD",2033,0
"Greece","OILPROD",2034,0
"Greece","OILPROD",2035,0
"Greece","OILPROD",2036,0
"Greece","OILPROD",2037,0
"Greece","OILPROD",2038,0
"Greece","OILPROD",2039,0
"Greece","OILPROD",2040,0
"Greece","OILPROD",2041,0
"Greece","OILPROD",2042,0
"Greece","OILPROD",2043,0
"Greece","OILPROD",2044,0
"Greece","OILPROD",2045,0
"Greece","OILPROD",2046,0
"Greece","OILPROD",2047,0
"Greece","OILPROD",2048,0
"Greece","OILPROD",2049,0
"Greece","OILPROD",2050,0
"Greece","PUMP",2019,0
"Greece","PUMP",2020,0
"Greece","PUMP",2021,0
"Greece","PUMP",2022,0
"Greece","PUMP",2023,0
"Greece","PUMP",2024,0
"Greece","PUMP",2025,0
"Greece","PUMP",2026,0
"Greece","PUMP",2027,0
"Greece","PUMP",2028,0
"Greece","PUMP",2029,0
"Greece","PUMP",2030,0
"Greece","PUMP",2031,0
"Greece","PUMP",2032,0
"Greece","PUMP",2033,0
"Greece","PUMP",2034,0
"Greece","PUMP",2035,0
"Greece","PUMP",2036,0
"Greece","PUMP",2037,0
"Greece","PUMP",2038,0
"Greece","PUMP",2039,0
"Greece","PUMP",2040,0
"Greece","PUMP",2041,0
"Greece","PUMP",2042,0
"Greece","PUMP",2043,0
"Greece","PUMP",2044,0
"Greece","PUMP",2045,0
"Greece","PUMP",2046,0
"Greece","PUMP",2047,0
"Greece","PUMP",2048,0
"Greece","PUMP",2049,0
"Greece","PUMP",2050,0
"Greece","PWRHYDR",2019,0
"Greece","PWRHYDR",2020,0
"Greece","PWRHYDR",2021,0
"Greece","PWRHYDR",2022,0
"Greece","PWRHYDR",2023,0
"Greece","PWRHYDR",2024,0
"Greece","PWRHYDR",2025,0
"Greece","PWRHYDR",2026,0
"Greece","PWRHYDR",2027,0
"Greece","PWRHYDR",2028,0
"Greece","PWRHYDR",2029,0
"Greece","PWRHYDR",2030,0
"Greece","PWRHYDR",2031,0
"Greece","PWRHYDR",2032,0
"Greece","PWRHYDR",2033,0
"Greece","PWRHYDR",2034,0
"Greece","PWRHYDR",2035,0
"Greece","PWRHYDR",2036,0
"Greece","PWRHYDR",2037,0
"Greece","PWRHYDR",2038,0
"Greece","PWRHYDR",2039,0
"Greece","PWRHYDR",2040,0
"Greece","PWRHYDR",2041,0
"Greece","PWRHYDR",2042,0
"Greece","PWRHYDR",2043,0
"Greece","PWRHYDR",2044,0
"Greece","PWRHYDR",2045,0
"Greece","PWRHYDR",2046,0
"Greece","PWRHYDR",2047,0
"Greece","PWRHYDR",2048,0
"Greece","PWRHYDR",2049,0
"Greece","PWRHYDR",2050,0
