r,t,y,SumLandAreaImpactPerTech
"Greece","ALELGRBPO",2019,0
"Greece","ALELGRBPO",2020,0
"Greece","ALELGRBPO",2021,0
"Greece","ALELGRBPO",2022,0
"Greece","ALELGRBPO",2023,0
"Greece","ALELGRBPO",2024,0
"Greece","ALELGRBPO",2025,0
"Greece","ALELGRBPO",2026,0
"Greece","ALELGRBPO",2027,0
"Greece","ALELGRBPO",2028,0
"Greece","ALELGRBPO",2029,0
"Greece","ALELGRBPO",2030,0
"Greece","ALELGRBPO",2031,0
"Greece","ALELGRBPO",2032,0
"Greece","ALELGRBPO",2033,0
"Greece","ALELGRBPO",2034,0
"Greece","ALELGRBPO",2035,0
"Greece","ALELGRBPO",2036,0
"Greece","ALELGRBPO",2037,0
"Greece","ALELGRBPO",2038,0
"Greece","ALELGRBPO",2039,0
"Greece","ALELGRBPO",2040,0
"Greece","ALELGRBPO",2041,0
"Greece","ALELGRBPO",2042,0
"Greece","ALELGRBPO",2043,0
"Greece","ALELGRBPO",2044,0
"Greece","ALELGRBPO",2045,0
"Greece","ALELGRBPO",2046,0
"Greece","ALELGRBPO",2047,0
"Greece","ALELGRBPO",2048,0
"Greece","ALELGRBPO",2049,0
"Greece","ALELGRBPO",2050,0
"Greece","BATT",2019,0
"Greece","BATT",2020,0
"Greece","BATT",2021,0
"Greece","BATT",2022,0
"Greece","BATT",2023,0
"Greece","BATT",2024,0
"Greece","BATT",2025,0
"Greece","BATT",2026,0
"Greece","BATT",2027,0
"Greece","BATT",2028,0
"Greece","BATT",2029,0
"Greece","BATT",2030,0
"Greece","BATT",2031,0
"Greece","BATT",2032,0
"Greece","BATT",2033,0
"Greece","BATT",2034,0
"Greece","BATT",2035,0
"Greece","BATT",2036,0
"Greece","BATT",2037,0
"Greece","BATT",2038,0
"Greece","BATT",2039,0
"Greece","BATT",2040,0
"Greece","BATT",2041,0
"Greece","BATT",2042,0
"Greece","BATT",2043,0
"Greece","BATT",2044,0
"Greece","BATT",2045,0
"Greece","BATT",2046,0
"Greece","BATT",2047,0
"Greece","BATT",2048,0
"Greece","BATT",2049,0
"Greece","BATT",2050,0
"Greece","GEOPWR_H",2019,0
"Greece","GEOPWR_H",2020,0
"Greece","GEOPWR_H",2021,0
"Greece","GEOPWR_H",2022,0
"Greece","GEOPWR_H",2023,0
"Greece","GEOPWR_H",2024,0
"Greece","GEOPWR_H",2025,0
"Greece","GEOPWR_H",2026,0
"Greece","GEOPWR_H",2027,0
"Greece","GEOPWR_H",2028,0
"Greece","GEOPWR_H",2029,0
"Greece","GEOPWR_H",2030,0
"Greece","GEOPWR_H",2031,0
"Greece","GEOPWR_H",2032,0
"Greece","GEOPWR_H",2033,0
"Greece","GEOPWR_H",2034,0
"Greece","GEOPWR_H",2035,0
"Greece","GEOPWR_H",2036,7.76
"Greece","GEOPWR_H",2037,7.76
"Greece","GEOPWR_H",2038,7.76
"Greece","GEOPWR_H",2039,7.76
"Greece","GEOPWR_H",2040,7.76
"Greece","GEOPWR_H",2041,7.76
"Greece","GEOPWR_H",2042,7.76
"Greece","GEOPWR_H",2043,7.76
"Greece","GEOPWR_H",2044,7.76
"Greece","GEOPWR_H",2045,7.76
"Greece","GEOPWR_H",2046,7.76
"Greece","GEOPWR_H",2047,7.76
"Greece","GEOPWR_H",2048,7.76
"Greece","GEOPWR_H",2049,7.76
"Greece","GEOPWR_H",2050,7.76
"Greece","GEOPWR_M",2019,0
"Greece","GEOPWR_M",2020,0
"Greece","GEOPWR_M",2021,0
"Greece","GEOPWR_M",2022,0
"Greece","GEOPWR_M",2023,0
"Greece","GEOPWR_M",2024,0
"Greece","GEOPWR_M",2025,0
"Greece","GEOPWR_M",2026,0
"Greece","GEOPWR_M",2027,0
"Greece","GEOPWR_M",2028,0
"Greece","GEOPWR_M",2029,0
"Greece","GEOPWR_M",2030,0
"Greece","GEOPWR_M",2031,0
"Greece","GEOPWR_M",2032,0
"Greece","GEOPWR_M",2033,0
"Greece","GEOPWR_M",2034,0
"Greece","GEOPWR_M",2035,0
"Greece","GEOPWR_M",2036,9.7
"Greece","GEOPWR_M",2037,19.4
"Greece","GEOPWR_M",2038,19.4
"Greece","GEOPWR_M",2039,19.4
"Greece","GEOPWR_M",2040,19.4
"Greece","GEOPWR_M",2041,19.4
"Greece","GEOPWR_M",2042,19.4
"Greece","GEOPWR_M",2043,19.4
"Greece","GEOPWR_M",2044,19.4
"Greece","GEOPWR_M",2045,19.4
"Greece","GEOPWR_M",2046,19.4
"Greece","GEOPWR_M",2047,19.4
"Greece","GEOPWR_M",2048,19.4
"Greece","GEOPWR_M",2049,19.4
"Greece","GEOPWR_M",2050,19.4
"Greece","GRBM00I00",2019,0
"Greece","GRBM00I00",2020,0
"Greece","GRBM00I00",2021,0
"Greece","GRBM00I00",2022,0
"Greece","GRBM00I00",2023,0
"Greece","GRBM00I00",2024,0
"Greece","GRBM00I00",2025,0
"Greece","GRBM00I00",2026,0
"Greece","GRBM00I00",2027,0
"Greece","GRBM00I00",2028,0
"Greece","GRBM00I00",2029,0
"Greece","GRBM00I00",2030,0
"Greece","GRBM00I00",2031,0
"Greece","GRBM00I00",2032,0
"Greece","GRBM00I00",2033,0
"Greece","GRBM00I00",2034,0
"Greece","GRBM00I00",2035,0
"Greece","GRBM00I00",2036,0
"Greece","GRBM00I00",2037,0
"Greece","GRBM00I00",2038,0
"Greece","GRBM00I00",2039,0
"Greece","GRBM00I00",2040,0
"Greece","GRBM00I00",2041,0
"Greece","GRBM00I00",2042,0
"Greece","GRBM00I00",2043,0
"Greece","GRBM00I00",2044,0
"Greece","GRBM00I00",2045,0
"Greece","GRBM00I00",2046,0
"Greece","GRBM00I00",2047,0
"Greece","GRBM00I00",2048,0
"Greece","GRBM00I00",2049,0
"Greece","GRBM00I00",2050,0
"Greece","GRBM00X00",2019,0
"Greece","GRBM00X00",2020,0
"Greece","GRBM00X00",2021,0
"Greece","GRBM00X00",2022,0
"Greece","GRBM00X00",2023,0
"Greece","GRBM00X00",2024,0
"Greece","GRBM00X00",2025,0
"Greece","GRBM00X00",2026,0
"Greece","GRBM00X00",2027,0
"Greece","GRBM00X00",2028,0
"Greece","GRBM00X00",2029,0
"Greece","GRBM00X00",2030,0
"Greece","GRBM00X00",2031,0
"Greece","GRBM00X00",2032,0
"Greece","GRBM00X00",2033,0
"Greece","GRBM00X00",2034,0
"Greece","GRBM00X00",2035,0
"Greece","GRBM00X00",2036,0
"Greece","GRBM00X00",2037,0
"Greece","GRBM00X00",2038,0
"Greece","GRBM00X00",2039,0
"Greece","GRBM00X00",2040,0
"Greece","GRBM00X00",2041,0
"Greece","GRBM00X00",2042,0
"Greece","GRBM00X00",2043,0
"Greece","GRBM00X00",2044,0
"Greece","GRBM00X00",2045,0
"Greece","GRBM00X00",2046,0
"Greece","GRBM00X00",2047,0
"Greece","GRBM00X00",2048,0
"Greece","GRBM00X00",2049,0
"Greece","GRBM00X00",2050,0
"Greece","GRCO00I00",2019,0
"Greece","GRCO00I00",2020,0
"Greece","GRCO00I00",2021,0
"Greece","GRCO00I00",2022,0
"Greece","GRCO00I00",2023,0
"Greece","GRCO00I00",2024,0
"Greece","GRCO00I00",2025,0
"Greece","GRCO00I00",2026,0
"Greece","GRCO00I00",2027,0
"Greece","GRCO00I00",2028,0
"Greece","GRCO00I00",2029,0
"Greece","GRCO00I00",2030,0
"Greece","GRCO00I00",2031,0
"Greece","GRCO00I00",2032,0
"Greece","GRCO00I00",2033,0
"Greece","GRCO00I00",2034,0
"Greece","GRCO00I00",2035,0
"Greece","GRCO00I00",2036,0
"Greece","GRCO00I00",2037,0
"Greece","GRCO00I00",2038,0
"Greece","GRCO00I00",2039,0
"Greece","GRCO00I00",2040,0
"Greece","GRCO00I00",2041,0
"Greece","GRCO00I00",2042,0
"Greece","GRCO00I00",2043,0
"Greece","GRCO00I00",2044,0
"Greece","GRCO00I00",2045,0
"Greece","GRCO00I00",2046,0
"Greece","GRCO00I00",2047,0
"Greece","GRCO00I00",2048,0
"Greece","GRCO00I00",2049,0
"Greece","GRCO00I00",2050,0
"Greece","GRCO00X00",2019,0
"Greece","GRCO00X00",2020,0
"Greece","GRCO00X00",2021,0
"Greece","GRCO00X00",2022,0
"Greece","GRCO00X00",2023,0
"Greece","GRCO00X00",2024,0
"Greece","GRCO00X00",2025,0
"Greece","GRCO00X00",2026,0
"Greece","GRCO00X00",2027,0
"Greece","GRCO00X00",2028,0
"Greece","GRCO00X00",2029,0
"Greece","GRCO00X00",2030,0
"Greece","GRCO00X00",2031,0
"Greece","GRCO00X00",2032,0
"Greece","GRCO00X00",2033,0
"Greece","GRCO00X00",2034,0
"Greece","GRCO00X00",2035,0
"Greece","GRCO00X00",2036,0
"Greece","GRCO00X00",2037,0
"Greece","GRCO00X00",2038,0
"Greece","GRCO00X00",2039,0
"Greece","GRCO00X00",2040,0
"Greece","GRCO00X00",2041,0
"Greece","GRCO00X00",2042,0
"Greece","GRCO00X00",2043,0
"Greece","GRCO00X00",2044,0
"Greece","GRCO00X00",2045,0
"Greece","GRCO00X00",2046,0
"Greece","GRCO00X00",2047,0
"Greece","GRCO00X00",2048,0
"Greece","GRCO00X00",2049,0
"Greece","GRCO00X00",2050,0
"Greece","GRELALBP0",2019,0
"Greece","GRELALBP0",2020,0
"Greece","GRELALBP0",2021,0
"Greece","GRELALBP0",2022,0
"Greece","GRELALBP0",2023,0
"Greece","GRELALBP0",2024,0
"Greece","GRELALBP0",2025,0
"Greece","GRELALBP0",2026,0
"Greece","GRELALBP0",2027,0
"Greece","GRELALBP0",2028,0
"Greece","GRELALBP0",2029,0
"Greece","GRELALBP0",2030,0
"Greece","GRELALBP0",2031,0
"Greece","GRELALBP0",2032,0
"Greece","GRELALBP0",2033,0
"Greece","GRELALBP0",2034,0
"Greece","GRELALBP0",2035,0
"Greece","GRELALBP0",2036,0
"Greece","GRELALBP0",2037,0
"Greece","GRELALBP0",2038,0
"Greece","GRELALBP0",2039,0
"Greece","GRELALBP0",2040,0
"Greece","GRELALBP0",2041,0
"Greece","GRELALBP0",2042,0
"Greece","GRELALBP0",2043,0
"Greece","GRELALBP0",2044,0
"Greece","GRELALBP0",2045,0
"Greece","GRELALBP0",2046,0
"Greece","GRELALBP0",2047,0
"Greece","GRELALBP0",2048,0
"Greece","GRELALBP0",2049,0
"Greece","GRELALBP0",2050,0
"Greece","GRHF00I00",2019,0
"Greece","GRHF00I00",2020,0
"Greece","GRHF00I00",2021,0
"Greece","GRHF00I00",2022,0
"Greece","GRHF00I00",2023,0
"Greece","GRHF00I00",2024,0
"Greece","GRHF00I00",2025,0
"Greece","GRHF00I00",2026,0
"Greece","GRHF00I00",2027,0
"Greece","GRHF00I00",2028,0
"Greece","GRHF00I00",2029,0
"Greece","GRHF00I00",2030,0
"Greece","GRHF00I00",2031,0
"Greece","GRHF00I00",2032,0
"Greece","GRHF00I00",2033,0
"Greece","GRHF00I00",2034,0
"Greece","GRHF00I00",2035,0
"Greece","GRHF00I00",2036,0
"Greece","GRHF00I00",2037,0
"Greece","GRHF00I00",2038,0
"Greece","GRHF00I00",2039,0
"Greece","GRHF00I00",2040,0
"Greece","GRHF00I00",2041,0
"Greece","GRHF00I00",2042,0
"Greece","GRHF00I00",2043,0
"Greece","GRHF00I00",2044,0
"Greece","GRHF00I00",2045,0
"Greece","GRHF00I00",2046,0
"Greece","GRHF00I00",2047,0
"Greece","GRHF00I00",2048,0
"Greece","GRHF00I00",2049,0
"Greece","GRHF00I00",2050,0
"Greece","GRMBACKSTOP",2019,0
"Greece","GRMBACKSTOP",2020,0
"Greece","GRMBACKSTOP",2021,0
"Greece","GRMBACKSTOP",2022,0
"Greece","GRMBACKSTOP",2023,0
"Greece","GRMBACKSTOP",2024,0
"Greece","GRMBACKSTOP",2025,0
"Greece","GRMBACKSTOP",2026,0
"Greece","GRMBACKSTOP",2027,0
"Greece","GRMBACKSTOP",2028,0
"Greece","GRMBACKSTOP",2029,0
"Greece","GRMBACKSTOP",2030,0
"Greece","GRMBACKSTOP",2031,0
"Greece","GRMBACKSTOP",2032,0
"Greece","GRMBACKSTOP",2033,0
"Greece","GRMBACKSTOP",2034,0
"Greece","GRMBACKSTOP",2035,0
"Greece","GRMBACKSTOP",2036,0
"Greece","GRMBACKSTOP",2037,0
"Greece","GRMBACKSTOP",2038,0
"Greece","GRMBACKSTOP",2039,0
"Greece","GRMBACKSTOP",2040,0
"Greece","GRMBACKSTOP",2041,0
"Greece","GRMBACKSTOP",2042,0
"Greece","GRMBACKSTOP",2043,0
"Greece","GRMBACKSTOP",2044,0
"Greece","GRMBACKSTOP",2045,0
"Greece","GRMBACKSTOP",2046,0
"Greece","GRMBACKSTOP",2047,0
"Greece","GRMBACKSTOP",2048,0
"Greece","GRMBACKSTOP",2049,0
"Greece","GRMBACKSTOP",2050,0
"Greece","GRMBMCHP00",2019,0.16
"Greece","GRMBMCHP00",2020,0.18
"Greece","GRMBMCHP00",2021,0.2
"Greece","GRMBMCHP00",2022,0.6
"Greece","GRMBMCHP00",2023,1
"Greece","GRMBMCHP00",2024,1.4
"Greece","GRMBMCHP00",2025,1.4
"Greece","GRMBMCHP00",2026,1.4
"Greece","GRMBMCHP00",2027,1.4
"Greece","GRMBMCHP00",2028,1.4
"Greece","GRMBMCHP00",2029,1.4
"Greece","GRMBMCHP00",2030,1.4
"Greece","GRMBMCHP00",2031,1.4
"Greece","GRMBMCHP00",2032,1.4
"Greece","GRMBMCHP00",2033,1.4
"Greece","GRMBMCHP00",2034,1.8
"Greece","GRMBMCHP00",2035,2.2
"Greece","GRMBMCHP00",2036,2.6
"Greece","GRMBMCHP00",2037,3
"Greece","GRMBMCHP00",2038,3
"Greece","GRMBMCHP00",2039,3
"Greece","GRMBMCHP00",2040,3
"Greece","GRMBMCHP00",2041,3
"Greece","GRMBMCHP00",2042,3
"Greece","GRMBMCHP00",2043,3
"Greece","GRMBMCHP00",2044,3
"Greece","GRMBMCHP00",2045,3
"Greece","GRMBMCHP00",2046,3
"Greece","GRMBMCHP00",2047,3
"Greece","GRMBMCHP00",2048,3
"Greece","GRMBMCHP00",2049,3
"Greece","GRMBMCHP00",2050,3
"Greece","GRMCOSCP00",2019,0
"Greece","GRMCOSCP00",2020,0
"Greece","GRMCOSCP00",2021,0
"Greece","GRMCOSCP00",2022,0
"Greece","GRMCOSCP00",2023,0
"Greece","GRMCOSCP00",2024,0
"Greece","GRMCOSCP00",2025,0
"Greece","GRMCOSCP00",2026,0
"Greece","GRMCOSCP00",2027,0
"Greece","GRMCOSCP00",2028,0
"Greece","GRMCOSCP00",2029,0
"Greece","GRMCOSCP00",2030,0
"Greece","GRMCOSCP00",2031,0
"Greece","GRMCOSCP00",2032,0
"Greece","GRMCOSCP00",2033,0
"Greece","GRMCOSCP00",2034,0
"Greece","GRMCOSCP00",2035,0
"Greece","GRMCOSCP00",2036,0
"Greece","GRMCOSCP00",2037,0
"Greece","GRMCOSCP00",2038,0
"Greece","GRMCOSCP00",2039,0
"Greece","GRMCOSCP00",2040,0
"Greece","GRMCOSCP00",2041,0
"Greece","GRMCOSCP00",2042,0
"Greece","GRMCOSCP00",2043,0
"Greece","GRMCOSCP00",2044,0
"Greece","GRMCOSCP00",2045,0
"Greece","GRMCOSCP00",2046,0
"Greece","GRMCOSCP00",2047,0
"Greece","GRMCOSCP00",2048,0
"Greece","GRMCOSCP00",2049,0
"Greece","GRMCOSCP00",2050,0
"Greece","GRMCOSCP00_Ptol",2019,0
"Greece","GRMCOSCP00_Ptol",2020,0
"Greece","GRMCOSCP00_Ptol",2021,0
"Greece","GRMCOSCP00_Ptol",2022,0
"Greece","GRMCOSCP00_Ptol",2023,0
"Greece","GRMCOSCP00_Ptol",2024,0
"Greece","GRMCOSCP00_Ptol",2025,0
"Greece","GRMCOSCP00_Ptol",2026,0
"Greece","GRMCOSCP00_Ptol",2027,0
"Greece","GRMCOSCP00_Ptol",2028,0
"Greece","GRMCOSCP00_Ptol",2029,0
"Greece","GRMCOSCP00_Ptol",2030,0
"Greece","GRMCOSCP00_Ptol",2031,0
"Greece","GRMCOSCP00_Ptol",2032,0
"Greece","GRMCOSCP00_Ptol",2033,0
"Greece","GRMCOSCP00_Ptol",2034,0
"Greece","GRMCOSCP00_Ptol",2035,0
"Greece","GRMCOSCP00_Ptol",2036,0
"Greece","GRMCOSCP00_Ptol",2037,0
"Greece","GRMCOSCP00_Ptol",2038,0
"Greece","GRMCOSCP00_Ptol",2039,0
"Greece","GRMCOSCP00_Ptol",2040,0
"Greece","GRMCOSCP00_Ptol",2041,0
"Greece","GRMCOSCP00_Ptol",2042,0
"Greece","GRMCOSCP00_Ptol",2043,0
"Greece","GRMCOSCP00_Ptol",2044,0
"Greece","GRMCOSCP00_Ptol",2045,0
"Greece","GRMCOSCP00_Ptol",2046,0
"Greece","GRMCOSCP00_Ptol",2047,0
"Greece","GRMCOSCP00_Ptol",2048,0
"Greece","GRMCOSCP00_Ptol",2049,0
"Greece","GRMCOSCP00_Ptol",2050,0
"Greece","GRMEL00T00",2019,0
"Greece","GRMEL00T00",2020,0
"Greece","GRMEL00T00",2021,0
"Greece","GRMEL00T00",2022,0
"Greece","GRMEL00T00",2023,0
"Greece","GRMEL00T00",2024,0
"Greece","GRMEL00T00",2025,0
"Greece","GRMEL00T00",2026,0
"Greece","GRMEL00T00",2027,0
"Greece","GRMEL00T00",2028,0
"Greece","GRMEL00T00",2029,0
"Greece","GRMEL00T00",2030,0
"Greece","GRMEL00T00",2031,0
"Greece","GRMEL00T00",2032,0
"Greece","GRMEL00T00",2033,0
"Greece","GRMEL00T00",2034,0
"Greece","GRMEL00T00",2035,0
"Greece","GRMEL00T00",2036,0
"Greece","GRMEL00T00",2037,0
"Greece","GRMEL00T00",2038,0
"Greece","GRMEL00T00",2039,0
"Greece","GRMEL00T00",2040,0
"Greece","GRMEL00T00",2041,0
"Greece","GRMEL00T00",2042,0
"Greece","GRMEL00T00",2043,0
"Greece","GRMEL00T00",2044,0
"Greece","GRMEL00T00",2045,0
"Greece","GRMEL00T00",2046,0
"Greece","GRMEL00T00",2047,0
"Greece","GRMEL00T00",2048,0
"Greece","GRMEL00T00",2049,0
"Greece","GRMEL00T00",2050,0
"Greece","GRMHFSTP00",2019,0
"Greece","GRMHFSTP00",2020,0
"Greece","GRMHFSTP00",2021,0
"Greece","GRMHFSTP00",2022,0
"Greece","GRMHFSTP00",2023,0
"Greece","GRMHFSTP00",2024,0
"Greece","GRMHFSTP00",2025,0
"Greece","GRMHFSTP00",2026,0
"Greece","GRMHFSTP00",2027,0
"Greece","GRMHFSTP00",2028,0
"Greece","GRMHFSTP00",2029,0
"Greece","GRMHFSTP00",2030,0
"Greece","GRMHFSTP00",2031,0
"Greece","GRMHFSTP00",2032,0
"Greece","GRMHFSTP00",2033,0
"Greece","GRMHFSTP00",2034,0
"Greece","GRMHFSTP00",2035,0
"Greece","GRMHFSTP00",2036,0
"Greece","GRMHFSTP00",2037,0
"Greece","GRMHFSTP00",2038,0
"Greece","GRMHFSTP00",2039,0
"Greece","GRMHFSTP00",2040,0
"Greece","GRMHFSTP00",2041,0
"Greece","GRMHFSTP00",2042,0
"Greece","GRMHFSTP00",2043,0
"Greece","GRMHFSTP00",2044,0
"Greece","GRMHFSTP00",2045,0
"Greece","GRMHFSTP00",2046,0
"Greece","GRMHFSTP00",2047,0
"Greece","GRMHFSTP00",2048,0
"Greece","GRMHFSTP00",2049,0
"Greece","GRMHFSTP00",2050,0
"Greece","GRMHYDMS01",2019,20.304
"Greece","GRMHYDMS01",2020,21.15
"Greece","GRMHYDMS01",2021,21.996
"Greece","GRMHYDMS01",2022,21.996
"Greece","GRMHYDMS01",2023,21.996
"Greece","GRMHYDMS01",2024,21.996
"Greece","GRMHYDMS01",2025,21.996
"Greece","GRMHYDMS01",2026,21.996
"Greece","GRMHYDMS01",2027,21.996
"Greece","GRMHYDMS01",2028,21.996
"Greece","GRMHYDMS01",2029,21.996
"Greece","GRMHYDMS01",2030,21.996
"Greece","GRMHYDMS01",2031,21.996
"Greece","GRMHYDMS01",2032,21.996
"Greece","GRMHYDMS01",2033,21.996
"Greece","GRMHYDMS01",2034,43.146
"Greece","GRMHYDMS01",2035,64.296
"Greece","GRMHYDMS01",2036,85.446
"Greece","GRMHYDMS01",2037,106.596
"Greece","GRMHYDMS01",2038,127.746
"Greece","GRMHYDMS01",2039,148.896
"Greece","GRMHYDMS01",2040,170.046
"Greece","GRMHYDMS01",2041,177.66
"Greece","GRMHYDMS01",2042,177.66
"Greece","GRMHYDMS01",2043,177.66
"Greece","GRMHYDMS01",2044,177.66
"Greece","GRMHYDMS01",2045,177.66
"Greece","GRMHYDMS01",2046,177.66
"Greece","GRMHYDMS01",2047,177.66
"Greece","GRMHYDMS01",2048,177.66
"Greece","GRMHYDMS01",2049,177.66
"Greece","GRMHYDMS01",2050,177.66
"Greece","GRMHYDMS02",2019,14.382
"Greece","GRMHYDMS02",2020,14.382
"Greece","GRMHYDMS02",2021,14.382
"Greece","GRMHYDMS02",2022,14.382
"Greece","GRMHYDMS02",2023,14.382
"Greece","GRMHYDMS02",2024,14.382
"Greece","GRMHYDMS02",2025,14.382
"Greece","GRMHYDMS02",2026,14.382
"Greece","GRMHYDMS02",2027,14.382
"Greece","GRMHYDMS02",2028,14.382
"Greece","GRMHYDMS02",2029,14.382
"Greece","GRMHYDMS02",2030,14.382
"Greece","GRMHYDMS02",2031,14.382
"Greece","GRMHYDMS02",2032,14.382
"Greece","GRMHYDMS02",2033,14.382
"Greece","GRMHYDMS02",2034,14.382
"Greece","GRMHYDMS02",2035,14.382
"Greece","GRMHYDMS02",2036,14.382
"Greece","GRMHYDMS02",2037,14.382
"Greece","GRMHYDMS02",2038,14.382
"Greece","GRMHYDMS02",2039,14.382
"Greece","GRMHYDMS02",2040,14.382
"Greece","GRMHYDMS02",2041,14.382
"Greece","GRMHYDMS02",2042,14.382
"Greece","GRMHYDMS02",2043,14.382
"Greece","GRMHYDMS02",2044,14.382
"Greece","GRMHYDMS02",2045,14.382
"Greece","GRMHYDMS02",2046,14.382
"Greece","GRMHYDMS02",2047,14.382
"Greece","GRMHYDMS02",2048,14.382
"Greece","GRMHYDMS02",2049,14.382
"Greece","GRMHYDMS02",2050,14.382
"Greece","GRMHYDMS03",2019,253.8
"Greece","GRMHYDMS03",2020,253.8
"Greece","GRMHYDMS03",2021,253.8
"Greece","GRMHYDMS03",2022,253.8
"Greece","GRMHYDMS03",2023,253.8
"Greece","GRMHYDMS03",2024,253.8
"Greece","GRMHYDMS03",2025,253.8
"Greece","GRMHYDMS03",2026,253.8
"Greece","GRMHYDMS03",2027,253.8
"Greece","GRMHYDMS03",2028,253.8
"Greece","GRMHYDMS03",2029,253.8
"Greece","GRMHYDMS03",2030,253.8
"Greece","GRMHYDMS03",2031,253.8
"Greece","GRMHYDMS03",2032,253.8
"Greece","GRMHYDMS03",2033,253.8
"Greece","GRMHYDMS03",2034,253.8
"Greece","GRMHYDMS03",2035,253.8
"Greece","GRMHYDMS03",2036,253.8
"Greece","GRMHYDMS03",2037,253.8
"Greece","GRMHYDMS03",2038,253.8
"Greece","GRMHYDMS03",2039,253.8
"Greece","GRMHYDMS03",2040,253.8
"Greece","GRMHYDMS03",2041,253.8
"Greece","GRMHYDMS03",2042,253.8
"Greece","GRMHYDMS03",2043,253.8
"Greece","GRMHYDMS03",2044,253.8
"Greece","GRMHYDMS03",2045,253.8
"Greece","GRMHYDMS03",2046,253.8
"Greece","GRMHYDMS03",2047,253.8
"Greece","GRMHYDMS03",2048,253.8
"Greece","GRMHYDMS03",2049,253.8
"Greece","GRMHYDMS03",2050,253.8
"Greece","GRMNGCCP00",2019,0
"Greece","GRMNGCCP00",2020,0
"Greece","GRMNGCCP00",2021,0
"Greece","GRMNGCCP00",2022,0
"Greece","GRMNGCCP00",2023,0
"Greece","GRMNGCCP00",2024,0
"Greece","GRMNGCCP00",2025,0
"Greece","GRMNGCCP00",2026,0
"Greece","GRMNGCCP00",2027,0
"Greece","GRMNGCCP00",2028,0
"Greece","GRMNGCCP00",2029,0
"Greece","GRMNGCCP00",2030,0
"Greece","GRMNGCCP00",2031,0
"Greece","GRMNGCCP00",2032,0
"Greece","GRMNGCCP00",2033,0
"Greece","GRMNGCCP00",2034,0
"Greece","GRMNGCCP00",2035,0
"Greece","GRMNGCCP00",2036,0
"Greece","GRMNGCCP00",2037,0
"Greece","GRMNGCCP00",2038,0
"Greece","GRMNGCCP00",2039,0
"Greece","GRMNGCCP00",2040,0
"Greece","GRMNGCCP00",2041,0
"Greece","GRMNGCCP00",2042,0
"Greece","GRMNGCCP00",2043,0
"Greece","GRMNGCCP00",2044,0
"Greece","GRMNGCCP00",2045,0
"Greece","GRMNGCCP00",2046,0
"Greece","GRMNGCCP00",2047,0
"Greece","GRMNGCCP00",2048,0
"Greece","GRMNGCCP00",2049,0
"Greece","GRMNGCCP00",2050,0
"Greece","GRMNGGCP00",2019,0
"Greece","GRMNGGCP00",2020,0
"Greece","GRMNGGCP00",2021,0
"Greece","GRMNGGCP00",2022,0
"Greece","GRMNGGCP00",2023,0
"Greece","GRMNGGCP00",2024,0
"Greece","GRMNGGCP00",2025,0
"Greece","GRMNGGCP00",2026,0
"Greece","GRMNGGCP00",2027,0
"Greece","GRMNGGCP00",2028,0
"Greece","GRMNGGCP00",2029,0
"Greece","GRMNGGCP00",2030,0
"Greece","GRMNGGCP00",2031,0
"Greece","GRMNGGCP00",2032,0
"Greece","GRMNGGCP00",2033,0
"Greece","GRMNGGCP00",2034,0
"Greece","GRMNGGCP00",2035,0
"Greece","GRMNGGCP00",2036,0
"Greece","GRMNGGCP00",2037,0
"Greece","GRMNGGCP00",2038,0
"Greece","GRMNGGCP00",2039,0
"Greece","GRMNGGCP00",2040,0
"Greece","GRMNGGCP00",2041,0
"Greece","GRMNGGCP00",2042,0
"Greece","GRMNGGCP00",2043,0
"Greece","GRMNGGCP00",2044,0
"Greece","GRMNGGCP00",2045,0
"Greece","GRMNGGCP00",2046,0
"Greece","GRMNGGCP00",2047,0
"Greece","GRMNGGCP00",2048,0
"Greece","GRMNGGCP00",2049,0
"Greece","GRMNGGCP00",2050,0
"Greece","GRMSOC1P00",2019,0
"Greece","GRMSOC1P00",2020,0
"Greece","GRMSOC1P00",2021,0
"Greece","GRMSOC1P00",2022,0
"Greece","GRMSOC1P00",2023,0
"Greece","GRMSOC1P00",2024,0
"Greece","GRMSOC1P00",2025,0
"Greece","GRMSOC1P00",2026,0
"Greece","GRMSOC1P00",2027,0
"Greece","GRMSOC1P00",2028,0
"Greece","GRMSOC1P00",2029,0
"Greece","GRMSOC1P00",2030,0
"Greece","GRMSOC1P00",2031,0
"Greece","GRMSOC1P00",2032,0
"Greece","GRMSOC1P00",2033,0
"Greece","GRMSOC1P00",2034,0
"Greece","GRMSOC1P00",2035,0
"Greece","GRMSOC1P00",2036,0
"Greece","GRMSOC1P00",2037,0
"Greece","GRMSOC1P00",2038,0
"Greece","GRMSOC1P00",2039,0
"Greece","GRMSOC1P00",2040,0
"Greece","GRMSOC1P00",2041,0
"Greece","GRMSOC1P00",2042,0
"Greece","GRMSOC1P00",2043,0
"Greece","GRMSOC1P00",2044,0
"Greece","GRMSOC1P00",2045,0
"Greece","GRMSOC1P00",2046,0
"Greece","GRMSOC1P00",2047,0
"Greece","GRMSOC1P00",2048,0
"Greece","GRMSOC1P00",2049,7.5
"Greece","GRMSOC1P00",2050,9
"Greece","GRMSOU1P03",2019,83.248
"Greece","GRMSOU1P03",2020,98.384
"Greece","GRMSOU1P03",2021,120.056
"Greece","GRMSOU1P03",2022,144.136
"Greece","GRMSOU1P03",2023,168.216
"Greece","GRMSOU1P03",2024,192.296
"Greece","GRMSOU1P03",2025,216.376
"Greece","GRMSOU1P03",2026,240.456
"Greece","GRMSOU1P03",2027,264.536
"Greece","GRMSOU1P03",2028,288.616
"Greece","GRMSOU1P03",2029,309.6
"Greece","GRMSOU1P03",2030,309.6
"Greece","GRMSOU1P03",2031,335.4
"Greece","GRMSOU1P03",2032,361.2
"Greece","GRMSOU1P03",2033,387
"Greece","GRMSOU1P03",2034,412.8
"Greece","GRMSOU1P03",2035,438.6
"Greece","GRMSOU1P03",2036,464.4
"Greece","GRMSOU1P03",2037,490.2
"Greece","GRMSOU1P03",2038,516
"Greece","GRMSOU1P03",2039,541.8
"Greece","GRMSOU1P03",2040,567.6
"Greece","GRMSOU1P03",2041,593.4
"Greece","GRMSOU1P03",2042,619.2
"Greece","GRMSOU1P03",2043,645
"Greece","GRMSOU1P03",2044,670.8
"Greece","GRMSOU1P03",2045,696.6
"Greece","GRMSOU1P03",2046,722.4
"Greece","GRMSOU1P03",2047,748.2
"Greece","GRMSOU1P03",2048,774
"Greece","GRMSOU1P03",2049,716.552
"Greece","GRMSOU1P03",2050,727.216
"Greece","GRMSOV1F01",2019,0
"Greece","GRMSOV1F01",2020,0
"Greece","GRMSOV1F01",2021,0
"Greece","GRMSOV1F01",2022,0
"Greece","GRMSOV1F01",2023,0
"Greece","GRMSOV1F01",2024,0
"Greece","GRMSOV1F01",2025,0
"Greece","GRMSOV1F01",2026,0
"Greece","GRMSOV1F01",2027,0
"Greece","GRMSOV1F01",2028,0
"Greece","GRMSOV1F01",2029,0
"Greece","GRMSOV1F01",2030,0
"Greece","GRMSOV1F01",2031,0
"Greece","GRMSOV1F01",2032,0
"Greece","GRMSOV1F01",2033,0
"Greece","GRMSOV1F01",2034,0
"Greece","GRMSOV1F01",2035,0
"Greece","GRMSOV1F01",2036,0
"Greece","GRMSOV1F01",2037,0
"Greece","GRMSOV1F01",2038,0
"Greece","GRMSOV1F01",2039,0
"Greece","GRMSOV1F01",2040,0
"Greece","GRMSOV1F01",2041,0
"Greece","GRMSOV1F01",2042,0
"Greece","GRMSOV1F01",2043,0
"Greece","GRMSOV1F01",2044,0
"Greece","GRMSOV1F01",2045,0
"Greece","GRMSOV1F01",2046,0
"Greece","GRMSOV1F01",2047,0
"Greece","GRMSOV1F01",2048,0
"Greece","GRMSOV1F01",2049,0
"Greece","GRMSOV1F01",2050,0
"Greece","GRMWIP00",2019,1329.563
"Greece","GRMWIP00",2020,1517.396
"Greece","GRMWIP00",2021,1616.837
"Greece","GRMWIP00",2022,1929.892
"Greece","GRMWIP00",2023,2242.947
"Greece","GRMWIP00",2024,2556.002
"Greece","GRMWIP00",2025,2869.057
"Greece","GRMWIP00",2026,3182.112
"Greece","GRMWIP00",2027,3495.167
"Greece","GRMWIP00",2028,3808.222
"Greece","GRMWIP00",2029,4121.277
"Greece","GRMWIP00",2030,4419.6
"Greece","GRMWIP00",2031,4553.32116050747
"Greece","GRMWIP00",2032,4866.37616050747
"Greece","GRMWIP00",2033,5179.43116050747
"Greece","GRMWIP00",2034,5492.48616050747
"Greece","GRMWIP00",2035,5805.54116050747
"Greece","GRMWIP00",2036,6118.59616050747
"Greece","GRMWIP00",2037,6431.65116050747
"Greece","GRMWIP00",2038,6663.998
"Greece","GRMWIP00",2039,6663.998
"Greece","GRMWIP00",2040,6663.998
"Greece","GRMWIP00",2041,6663.998
"Greece","GRMWIP00",2042,6663.998
"Greece","GRMWIP00",2043,6663.998
"Greece","GRMWIP00",2044,6663.998
"Greece","GRMWIP00",2045,6663.998
"Greece","GRMWIP00",2046,6663.998
"Greece","GRMWIP00",2047,6663.998
"Greece","GRMWIP00",2048,6663.998
"Greece","GRMWIP00",2049,5518.585
"Greece","GRMWIP00",2050,5514.902
"Greece","GRMWIP01",2019,0
"Greece","GRMWIP01",2020,0
"Greece","GRMWIP01",2021,0
"Greece","GRMWIP01",2022,0
"Greece","GRMWIP01",2023,0
"Greece","GRMWIP01",2024,0
"Greece","GRMWIP01",2025,0
"Greece","GRMWIP01",2026,0
"Greece","GRMWIP01",2027,0
"Greece","GRMWIP01",2028,0
"Greece","GRMWIP01",2029,0
"Greece","GRMWIP01",2030,0
"Greece","GRMWIP01",2031,0
"Greece","GRMWIP01",2032,0
"Greece","GRMWIP01",2033,0
"Greece","GRMWIP01",2034,0
"Greece","GRMWIP01",2035,0
"Greece","GRMWIP01",2036,0
"Greece","GRMWIP01",2037,0
"Greece","GRMWIP01",2038,0
"Greece","GRMWIP01",2039,0
"Greece","GRMWIP01",2040,0
"Greece","GRMWIP01",2041,0
"Greece","GRMWIP01",2042,0
"Greece","GRMWIP01",2043,0
"Greece","GRMWIP01",2044,0
"Greece","GRMWIP01",2045,0
"Greece","GRMWIP01",2046,0
"Greece","GRMWIP01",2047,0
"Greece","GRMWIP01",2048,0
"Greece","GRMWIP01",2049,0
"Greece","GRMWIP01",2050,0
"Greece","GRNG00I00",2019,0
"Greece","GRNG00I00",2020,0
"Greece","GRNG00I00",2021,0
"Greece","GRNG00I00",2022,0
"Greece","GRNG00I00",2023,0
"Greece","GRNG00I00",2024,0
"Greece","GRNG00I00",2025,0
"Greece","GRNG00I00",2026,0
"Greece","GRNG00I00",2027,0
"Greece","GRNG00I00",2028,0
"Greece","GRNG00I00",2029,0
"Greece","GRNG00I00",2030,0
"Greece","GRNG00I00",2031,0
"Greece","GRNG00I00",2032,0
"Greece","GRNG00I00",2033,0
"Greece","GRNG00I00",2034,0
"Greece","GRNG00I00",2035,0
"Greece","GRNG00I00",2036,0
"Greece","GRNG00I00",2037,0
"Greece","GRNG00I00",2038,0
"Greece","GRNG00I00",2039,0
"Greece","GRNG00I00",2040,0
"Greece","GRNG00I00",2041,0
"Greece","GRNG00I00",2042,0
"Greece","GRNG00I00",2043,0
"Greece","GRNG00I00",2044,0
"Greece","GRNG00I00",2045,0
"Greece","GRNG00I00",2046,0
"Greece","GRNG00I00",2047,0
"Greece","GRNG00I00",2048,0
"Greece","GRNG00I00",2049,0
"Greece","GRNG00I00",2050,0
"Greece","NGCHPPWR",2019,0
"Greece","NGCHPPWR",2020,0
"Greece","NGCHPPWR",2021,0
"Greece","NGCHPPWR",2022,0
"Greece","NGCHPPWR",2023,0
"Greece","NGCHPPWR",2024,0
"Greece","NGCHPPWR",2025,0
"Greece","NGCHPPWR",2026,0
"Greece","NGCHPPWR",2027,0
"Greece","NGCHPPWR",2028,0
"Greece","NGCHPPWR",2029,0
"Greece","NGCHPPWR",2030,0
"Greece","NGCHPPWR",2031,0
"Greece","NGCHPPWR",2032,0
"Greece","NGCHPPWR",2033,0
"Greece","NGCHPPWR",2034,0
"Greece","NGCHPPWR",2035,0
"Greece","NGCHPPWR",2036,0
"Greece","NGCHPPWR",2037,0
"Greece","NGCHPPWR",2038,0
"Greece","NGCHPPWR",2039,0
"Greece","NGCHPPWR",2040,0
"Greece","NGCHPPWR",2041,0
"Greece","NGCHPPWR",2042,0
"Greece","NGCHPPWR",2043,0
"Greece","NGCHPPWR",2044,0
"Greece","NGCHPPWR",2045,0
"Greece","NGCHPPWR",2046,0
"Greece","NGCHPPWR",2047,0
"Greece","NGCHPPWR",2048,0
"Greece","NGCHPPWR",2049,0
"Greece","NGCHPPWR",2050,0
"Greece","NGSPROD",2019,0
"Greece","NGSPROD",2020,0
"Greece","NGSPROD",2021,0
"Greece","NGSPROD",2022,0
"Greece","NGSPROD",2023,0
"Greece","NGSPROD",2024,0
"Greece","NGSPROD",2025,0
"Greece","NGSPROD",2026,0
"Greece","NGSPROD",2027,0
"Greece","NGSPROD",2028,0
"Greece","NGSPROD",2029,0
"Greece","NGSPROD",2030,0
"Greece","NGSPROD",2031,0
"Greece","NGSPROD",2032,0
"Greece","NGSPROD",2033,0
"Greece","NGSPROD",2034,0
"Greece","NGSPROD",2035,0
"Greece","NGSPROD",2036,0
"Greece","NGSPROD",2037,0
"Greece","NGSPROD",2038,0
"Greece","NGSPROD",2039,0
"Greece","NGSPROD",2040,0
"Greece","NGSPROD",2041,0
"Greece","NGSPROD",2042,0
"Greece","NGSPROD",2043,0
"Greece","NGSPROD",2044,0
"Greece","NGSPROD",2045,0
"Greece","NGSPROD",2046,0
"Greece","NGSPROD",2047,0
"Greece","NGSPROD",2048,0
"Greece","NGSPROD",2049,0
"Greece","NGSPROD",2050,0
"Greece","OILPROD",2019,0
"Greece","OILPROD",2020,0
"Greece","OILPROD",2021,0
"Greece","OILPROD",2022,0
"Greece","OILPROD",2023,0
"Greece","OILPROD",2024,0
"Greece","OILPROD",2025,0
"Greece","OILPROD",2026,0
"Greece","OILPROD",2027,0
"Greece","OILPROD",2028,0
"Greece","OILPROD",2029,0
"Greece","OILPROD",2030,0
"Greece","OILPROD",2031,0
"Greece","OILPROD",2032,0
"Greece","OILPROD",2033,0
"Greece","OILPROD",2034,0
"Greece","OILPROD",2035,0
"Greece","OILPROD",2036,0
"Greece","OILPROD",2037,0
"Greece","OILPROD",2038,0
"Greece","OILPROD",2039,0
"Greece","OILPROD",2040,0
"Greece","OILPROD",2041,0
"Greece","OILPROD",2042,0
"Greece","OILPROD",2043,0
"Greece","OILPROD",2044,0
"Greece","OILPROD",2045,0
"Greece","OILPROD",2046,0
"Greece","OILPROD",2047,0
"Greece","OILPROD",2048,0
"Greece","OILPROD",2049,0
"Greece","OILPROD",2050,0
"Greece","PUMP",2019,0
"Greece","PUMP",2020,0
"Greece","PUMP",2021,0
"Greece","PUMP",2022,0
"Greece","PUMP",2023,0
"Greece","PUMP",2024,0
"Greece","PUMP",2025,0
"Greece","PUMP",2026,0
"Greece","PUMP",2027,0
"Greece","PUMP",2028,0
"Greece","PUMP",2029,0
"Greece","PUMP",2030,0
"Greece","PUMP",2031,0
"Greece","PUMP",2032,0
"Greece","PUMP",2033,0
"Greece","PUMP",2034,0
"Greece","PUMP",2035,0
"Greece","PUMP",2036,0
"Greece","PUMP",2037,0
"Greece","PUMP",2038,0
"Greece","PUMP",2039,0
"Greece","PUMP",2040,0
"Greece","PUMP",2041,0
"Greece","PUMP",2042,0
"Greece","PUMP",2043,0
"Greece","PUMP",2044,0
"Greece","PUMP",2045,0
"Greece","PUMP",2046,0
"Greece","PUMP",2047,0
"Greece","PUMP",2048,0
"Greece","PUMP",2049,0
"Greece","PUMP",2050,0
"Greece","PWRHYDR",2019,0
"Greece","PWRHYDR",2020,0
"Greece","PWRHYDR",2021,0
"Greece","PWRHYDR",2022,0
"Greece","PWRHYDR",2023,0
"Greece","PWRHYDR",2024,0
"Greece","PWRHYDR",2025,0
"Greece","PWRHYDR",2026,0
"Greece","PWRHYDR",2027,0
"Greece","PWRHYDR",2028,0
"Greece","PWRHYDR",2029,0
"Greece","PWRHYDR",2030,0
"Greece","PWRHYDR",2031,0
"Greece","PWRHYDR",2032,0
"Greece","PWRHYDR",2033,0
"Greece","PWRHYDR",2034,0
"Greece","PWRHYDR",2035,0
"Greece","PWRHYDR",2036,0
"Greece","PWRHYDR",2037,0
"Greece","PWRHYDR",2038,0
"Greece","PWRHYDR",2039,0
"Greece","PWRHYDR",2040,0
"Greece","PWRHYDR",2041,0
"Greece","PWRHYDR",2042,0
"Greece","PWRHYDR",2043,0
"Greece","PWRHYDR",2044,0
"Greece","PWRHYDR",2045,0
"Greece","PWRHYDR",2046,0
"Greece","PWRHYDR",2047,0
"Greece","PWRHYDR",2048,0
"Greece","PWRHYDR",2049,0
"Greece","PWRHYDR",2050,0
