r,t,y,MarineImpact
"Greece","ALELGRBPO",2019,0
"Greece","ALELGRBPO",2020,0
"Greece","ALELGRBPO",2021,0
"Greece","ALELGRBPO",2022,0
"Greece","ALELGRBPO",2023,0
"Greece","ALELGRBPO",2024,0
"Greece","ALELGRBPO",2025,0
"Greece","ALELGRBPO",2026,0
"Greece","ALELGRBPO",2027,0
"Greece","ALELGRBPO",2028,0
"Greece","ALELGRBPO",2029,0
"Greece","ALELGRBPO",2030,0
"Greece","ALELGRBPO",2031,0
"Greece","ALELGRBPO",2032,0
"Greece","ALELGRBPO",2033,0
"Greece","ALELGRBPO",2034,0
"Greece","ALELGRBPO",2035,0
"Greece","ALELGRBPO",2036,0
"Greece","ALELGRBPO",2037,0
"Greece","ALELGRBPO",2038,0
"Greece","ALELGRBPO",2039,0
"Greece","ALELGRBPO",2040,0
"Greece","ALELGRBPO",2041,0
"Greece","ALELGRBPO",2042,0
"Greece","ALELGRBPO",2043,0
"Greece","ALELGRBPO",2044,0
"Greece","ALELGRBPO",2045,0
"Greece","ALELGRBPO",2046,0
"Greece","ALELGRBPO",2047,0
"Greece","ALELGRBPO",2048,0
"Greece","ALELGRBPO",2049,0
"Greece","ALELGRBPO",2050,0
"Greece","BATT",2019,0
"Greece","BATT",2020,0
"Greece","BATT",2021,0
"Greece","BATT",2022,0
"Greece","BATT",2023,0
"Greece","BATT",2024,0
"Greece","BATT",2025,0
"Greece","BATT",2026,0
"Greece","BATT",2027,0
"Greece","BATT",2028,0
"Greece","BATT",2029,0
"Greece","BATT",2030,0
"Greece","BATT",2031,0
"Greece","BATT",2032,0
"Greece","BATT",2033,0
"Greece","BATT",2034,0
"Greece","BATT",2035,0
"Greece","BATT",2036,0
"Greece","BATT",2037,0
"Greece","BATT",2038,0
"Greece","BATT",2039,0
"Greece","BATT",2040,0
"Greece","BATT",2041,0
"Greece","BATT",2042,0
"Greece","BATT",2043,0
"Greece","BATT",2044,0
"Greece","BATT",2045,0
"Greece","BATT",2046,0
"Greece","BATT",2047,0
"Greece","BATT",2048,0
"Greece","BATT",2049,0
"Greece","BATT",2050,0
"Greece","GEOPWR_H",2019,0
"Greece","GEOPWR_H",2020,0
"Greece","GEOPWR_H",2021,0
"Greece","GEOPWR_H",2022,0
"Greece","GEOPWR_H",2023,0
"Greece","GEOPWR_H",2024,0
"Greece","GEOPWR_H",2025,0
"Greece","GEOPWR_H",2026,0
"Greece","GEOPWR_H",2027,0
"Greece","GEOPWR_H",2028,0
"Greece","GEOPWR_H",2029,0
"Greece","GEOPWR_H",2030,0
"Greece","GEOPWR_H",2031,0
"Greece","GEOPWR_H",2032,0
"Greece","GEOPWR_H",2033,0
"Greece","GEOPWR_H",2034,0
"Greece","GEOPWR_H",2035,0
"Greece","GEOPWR_H",2036,0
"Greece","GEOPWR_H",2037,0
"Greece","GEOPWR_H",2038,0
"Greece","GEOPWR_H",2039,0
"Greece","GEOPWR_H",2040,0
"Greece","GEOPWR_H",2041,0
"Greece","GEOPWR_H",2042,0
"Greece","GEOPWR_H",2043,0
"Greece","GEOPWR_H",2044,0
"Greece","GEOPWR_H",2045,0
"Greece","GEOPWR_H",2046,0
"Greece","GEOPWR_H",2047,0
"Greece","GEOPWR_H",2048,0
"Greece","GEOPWR_H",2049,0
"Greece","GEOPWR_H",2050,0
"Greece","GEOPWR_M",2019,0
"Greece","GEOPWR_M",2020,0
"Greece","GEOPWR_M",2021,0
"Greece","GEOPWR_M",2022,0
"Greece","GEOPWR_M",2023,0
"Greece","GEOPWR_M",2024,0
"Greece","GEOPWR_M",2025,0
"Greece","GEOPWR_M",2026,0
"Greece","GEOPWR_M",2027,0
"Greece","GEOPWR_M",2028,0
"Greece","GEOPWR_M",2029,0
"Greece","GEOPWR_M",2030,0
"Greece","GEOPWR_M",2031,0
"Greece","GEOPWR_M",2032,0
"Greece","GEOPWR_M",2033,0
"Greece","GEOPWR_M",2034,0
"Greece","GEOPWR_M",2035,0
"Greece","GEOPWR_M",2036,0
"Greece","GEOPWR_M",2037,0
"Greece","GEOPWR_M",2038,0
"Greece","GEOPWR_M",2039,0
"Greece","GEOPWR_M",2040,0
"Greece","GEOPWR_M",2041,0
"Greece","GEOPWR_M",2042,0
"Greece","GEOPWR_M",2043,0
"Greece","GEOPWR_M",2044,0
"Greece","GEOPWR_M",2045,0
"Greece","GEOPWR_M",2046,0
"Greece","GEOPWR_M",2047,0
"Greece","GEOPWR_M",2048,0
"Greece","GEOPWR_M",2049,0
"Greece","GEOPWR_M",2050,0
"Greece","GRBM00I00",2019,0
"Greece","GRBM00I00",2020,0
"Greece","GRBM00I00",2021,0
"Greece","GRBM00I00",2022,0
"Greece","GRBM00I00",2023,0
"Greece","GRBM00I00",2024,0
"Greece","GRBM00I00",2025,0
"Greece","GRBM00I00",2026,0
"Greece","GRBM00I00",2027,0
"Greece","GRBM00I00",2028,0
"Greece","GRBM00I00",2029,0
"Greece","GRBM00I00",2030,0
"Greece","GRBM00I00",2031,0
"Greece","GRBM00I00",2032,0
"Greece","GRBM00I00",2033,0
"Greece","GRBM00I00",2034,0
"Greece","GRBM00I00",2035,0
"Greece","GRBM00I00",2036,0
"Greece","GRBM00I00",2037,0
"Greece","GRBM00I00",2038,0
"Greece","GRBM00I00",2039,0
"Greece","GRBM00I00",2040,0
"Greece","GRBM00I00",2041,0
"Greece","GRBM00I00",2042,0
"Greece","GRBM00I00",2043,0
"Greece","GRBM00I00",2044,0
"Greece","GRBM00I00",2045,0
"Greece","GRBM00I00",2046,0
"Greece","GRBM00I00",2047,0
"Greece","GRBM00I00",2048,0
"Greece","GRBM00I00",2049,0
"Greece","GRBM00I00",2050,0
"Greece","GRBM00X00",2019,0
"Greece","GRBM00X00",2020,0
"Greece","GRBM00X00",2021,0
"Greece","GRBM00X00",2022,0
"Greece","GRBM00X00",2023,0
"Greece","GRBM00X00",2024,0
"Greece","GRBM00X00",2025,0
"Greece","GRBM00X00",2026,0
"Greece","GRBM00X00",2027,0
"Greece","GRBM00X00",2028,0
"Greece","GRBM00X00",2029,0
"Greece","GRBM00X00",2030,0
"Greece","GRBM00X00",2031,0
"Greece","GRBM00X00",2032,0
"Greece","GRBM00X00",2033,0
"Greece","GRBM00X00",2034,0
"Greece","GRBM00X00",2035,0
"Greece","GRBM00X00",2036,0
"Greece","GRBM00X00",2037,0
"Greece","GRBM00X00",2038,0
"Greece","GRBM00X00",2039,0
"Greece","GRBM00X00",2040,0
"Greece","GRBM00X00",2041,0
"Greece","GRBM00X00",2042,0
"Greece","GRBM00X00",2043,0
"Greece","GRBM00X00",2044,0
"Greece","GRBM00X00",2045,0
"Greece","GRBM00X00",2046,0
"Greece","GRBM00X00",2047,0
"Greece","GRBM00X00",2048,0
"Greece","GRBM00X00",2049,0
"Greece","GRBM00X00",2050,0
"Greece","GRCO00I00",2019,0
"Greece","GRCO00I00",2020,0
"Greece","GRCO00I00",2021,0
"Greece","GRCO00I00",2022,0
"Greece","GRCO00I00",2023,0
"Greece","GRCO00I00",2024,0
"Greece","GRCO00I00",2025,0
"Greece","GRCO00I00",2026,0
"Greece","GRCO00I00",2027,0
"Greece","GRCO00I00",2028,0
"Greece","GRCO00I00",2029,0
"Greece","GRCO00I00",2030,0
"Greece","GRCO00I00",2031,0
"Greece","GRCO00I00",2032,0
"Greece","GRCO00I00",2033,0
"Greece","GRCO00I00",2034,0
"Greece","GRCO00I00",2035,0
"Greece","GRCO00I00",2036,0
"Greece","GRCO00I00",2037,0
"Greece","GRCO00I00",2038,0
"Greece","GRCO00I00",2039,0
"Greece","GRCO00I00",2040,0
"Greece","GRCO00I00",2041,0
"Greece","GRCO00I00",2042,0
"Greece","GRCO00I00",2043,0
"Greece","GRCO00I00",2044,0
"Greece","GRCO00I00",2045,0
"Greece","GRCO00I00",2046,0
"Greece","GRCO00I00",2047,0
"Greece","GRCO00I00",2048,0
"Greece","GRCO00I00",2049,0
"Greece","GRCO00I00",2050,0
"Greece","GRCO00X00",2019,0
"Greece","GRCO00X00",2020,0
"Greece","GRCO00X00",2021,0
"Greece","GRCO00X00",2022,0
"Greece","GRCO00X00",2023,0
"Greece","GRCO00X00",2024,0
"Greece","GRCO00X00",2025,0
"Greece","GRCO00X00",2026,0
"Greece","GRCO00X00",2027,0
"Greece","GRCO00X00",2028,0
"Greece","GRCO00X00",2029,0
"Greece","GRCO00X00",2030,0
"Greece","GRCO00X00",2031,0
"Greece","GRCO00X00",2032,0
"Greece","GRCO00X00",2033,0
"Greece","GRCO00X00",2034,0
"Greece","GRCO00X00",2035,0
"Greece","GRCO00X00",2036,0
"Greece","GRCO00X00",2037,0
"Greece","GRCO00X00",2038,0
"Greece","GRCO00X00",2039,0
"Greece","GRCO00X00",2040,0
"Greece","GRCO00X00",2041,0
"Greece","GRCO00X00",2042,0
"Greece","GRCO00X00",2043,0
"Greece","GRCO00X00",2044,0
"Greece","GRCO00X00",2045,0
"Greece","GRCO00X00",2046,0
"Greece","GRCO00X00",2047,0
"Greece","GRCO00X00",2048,0
"Greece","GRCO00X00",2049,0
"Greece","GRCO00X00",2050,0
"Greece","GRELALBP0",2019,0
"Greece","GRELALBP0",2020,0
"Greece","GRELALBP0",2021,0
"Greece","GRELALBP0",2022,0
"Greece","GRELALBP0",2023,0
"Greece","GRELALBP0",2024,0
"Greece","GRELALBP0",2025,0
"Greece","GRELALBP0",2026,0
"Greece","GRELALBP0",2027,0
"Greece","GRELALBP0",2028,0
"Greece","GRELALBP0",2029,0
"Greece","GRELALBP0",2030,0
"Greece","GRELALBP0",2031,0
"Greece","GRELALBP0",2032,0
"Greece","GRELALBP0",2033,0
"Greece","GRELALBP0",2034,0
"Greece","GRELALBP0",2035,0
"Greece","GRELALBP0",2036,0
"Greece","GRELALBP0",2037,0
"Greece","GRELALBP0",2038,0
"Greece","GRELALBP0",2039,0
"Greece","GRELALBP0",2040,0
"Greece","GRELALBP0",2041,0
"Greece","GRELALBP0",2042,0
"Greece","GRELALBP0",2043,0
"Greece","GRELALBP0",2044,0
"Greece","GRELALBP0",2045,0
"Greece","GRELALBP0",2046,0
"Greece","GRELALBP0",2047,0
"Greece","GRELALBP0",2048,0
"Greece","GRELALBP0",2049,0
"Greece","GRELALBP0",2050,0
"Greece","GRHF00I00",2019,0
"Greece","GRHF00I00",2020,0
"Greece","GRHF00I00",2021,0
"Greece","GRHF00I00",2022,0
"Greece","GRHF00I00",2023,0
"Greece","GRHF00I00",2024,0
"Greece","GRHF00I00",2025,0
"Greece","GRHF00I00",2026,0
"Greece","GRHF00I00",2027,0
"Greece","GRHF00I00",2028,0
"Greece","GRHF00I00",2029,0
"Greece","GRHF00I00",2030,0
"Greece","GRHF00I00",2031,0
"Greece","GRHF00I00",2032,0
"Greece","GRHF00I00",2033,0
"Greece","GRHF00I00",2034,0
"Greece","GRHF00I00",2035,0
"Greece","GRHF00I00",2036,0
"Greece","GRHF00I00",2037,0
"Greece","GRHF00I00",2038,0
"Greece","GRHF00I00",2039,0
"Greece","GRHF00I00",2040,0
"Greece","GRHF00I00",2041,0
"Greece","GRHF00I00",2042,0
"Greece","GRHF00I00",2043,0
"Greece","GRHF00I00",2044,0
"Greece","GRHF00I00",2045,0
"Greece","GRHF00I00",2046,0
"Greece","GRHF00I00",2047,0
"Greece","GRHF00I00",2048,0
"Greece","GRHF00I00",2049,0
"Greece","GRHF00I00",2050,0
"Greece","GRMBACKSTOP",2019,0
"Greece","GRMBACKSTOP",2020,0
"Greece","GRMBACKSTOP",2021,0
"Greece","GRMBACKSTOP",2022,0
"Greece","GRMBACKSTOP",2023,0
"Greece","GRMBACKSTOP",2024,0
"Greece","GRMBACKSTOP",2025,0
"Greece","GRMBACKSTOP",2026,0
"Greece","GRMBACKSTOP",2027,0
"Greece","GRMBACKSTOP",2028,0
"Greece","GRMBACKSTOP",2029,0
"Greece","GRMBACKSTOP",2030,0
"Greece","GRMBACKSTOP",2031,0
"Greece","GRMBACKSTOP",2032,0
"Greece","GRMBACKSTOP",2033,0
"Greece","GRMBACKSTOP",2034,0
"Greece","GRMBACKSTOP",2035,0
"Greece","GRMBACKSTOP",2036,0
"Greece","GRMBACKSTOP",2037,0
"Greece","GRMBACKSTOP",2038,0
"Greece","GRMBACKSTOP",2039,0
"Greece","GRMBACKSTOP",2040,0
"Greece","GRMBACKSTOP",2041,0
"Greece","GRMBACKSTOP",2042,0
"Greece","GRMBACKSTOP",2043,0
"Greece","GRMBACKSTOP",2044,0
"Greece","GRMBACKSTOP",2045,0
"Greece","GRMBACKSTOP",2046,0
"Greece","GRMBACKSTOP",2047,0
"Greece","GRMBACKSTOP",2048,0
"Greece","GRMBACKSTOP",2049,0
"Greece","GRMBACKSTOP",2050,0
"Greece","GRMBMCHP00",2019,0
"Greece","GRMBMCHP00",2020,0
"Greece","GRMBMCHP00",2021,0
"Greece","GRMBMCHP00",2022,0
"Greece","GRMBMCHP00",2023,0
"Greece","GRMBMCHP00",2024,0
"Greece","GRMBMCHP00",2025,0
"Greece","GRMBMCHP00",2026,0
"Greece","GRMBMCHP00",2027,0
"Greece","GRMBMCHP00",2028,0
"Greece","GRMBMCHP00",2029,0
"Greece","GRMBMCHP00",2030,0
"Greece","GRMBMCHP00",2031,0
"Greece","GRMBMCHP00",2032,0
"Greece","GRMBMCHP00",2033,0
"Greece","GRMBMCHP00",2034,0
"Greece","GRMBMCHP00",2035,0
"Greece","GRMBMCHP00",2036,0
"Greece","GRMBMCHP00",2037,0
"Greece","GRMBMCHP00",2038,0
"Greece","GRMBMCHP00",2039,0
"Greece","GRMBMCHP00",2040,0
"Greece","GRMBMCHP00",2041,0
"Greece","GRMBMCHP00",2042,0
"Greece","GRMBMCHP00",2043,0
"Greece","GRMBMCHP00",2044,0
"Greece","GRMBMCHP00",2045,0
"Greece","GRMBMCHP00",2046,0
"Greece","GRMBMCHP00",2047,0
"Greece","GRMBMCHP00",2048,0
"Greece","GRMBMCHP00",2049,0
"Greece","GRMBMCHP00",2050,0
"Greece","GRMCOSCP00",2019,0
"Greece","GRMCOSCP00",2020,0
"Greece","GRMCOSCP00",2021,0
"Greece","GRMCOSCP00",2022,0
"Greece","GRMCOSCP00",2023,0
"Greece","GRMCOSCP00",2024,0
"Greece","GRMCOSCP00",2025,0
"Greece","GRMCOSCP00",2026,0
"Greece","GRMCOSCP00",2027,0
"Greece","GRMCOSCP00",2028,0
"Greece","GRMCOSCP00",2029,0
"Greece","GRMCOSCP00",2030,0
"Greece","GRMCOSCP00",2031,0
"Greece","GRMCOSCP00",2032,0
"Greece","GRMCOSCP00",2033,0
"Greece","GRMCOSCP00",2034,0
"Greece","GRMCOSCP00",2035,0
"Greece","GRMCOSCP00",2036,0
"Greece","GRMCOSCP00",2037,0
"Greece","GRMCOSCP00",2038,0
"Greece","GRMCOSCP00",2039,0
"Greece","GRMCOSCP00",2040,0
"Greece","GRMCOSCP00",2041,0
"Greece","GRMCOSCP00",2042,0
"Greece","GRMCOSCP00",2043,0
"Greece","GRMCOSCP00",2044,0
"Greece","GRMCOSCP00",2045,0
"Greece","GRMCOSCP00",2046,0
"Greece","GRMCOSCP00",2047,0
"Greece","GRMCOSCP00",2048,0
"Greece","GRMCOSCP00",2049,0
"Greece","GRMCOSCP00",2050,0
"Greece","GRMCOSCP00_Ptol",2019,0
"Greece","GRMCOSCP00_Ptol",2020,0
"Greece","GRMCOSCP00_Ptol",2021,0
"Greece","GRMCOSCP00_Ptol",2022,0
"Greece","GRMCOSCP00_Ptol",2023,0
"Greece","GRMCOSCP00_Ptol",2024,0
"Greece","GRMCOSCP00_Ptol",2025,0
"Greece","GRMCOSCP00_Ptol",2026,0
"Greece","GRMCOSCP00_Ptol",2027,0
"Greece","GRMCOSCP00_Ptol",2028,0
"Greece","GRMCOSCP00_Ptol",2029,0
"Greece","GRMCOSCP00_Ptol",2030,0
"Greece","GRMCOSCP00_Ptol",2031,0
"Greece","GRMCOSCP00_Ptol",2032,0
"Greece","GRMCOSCP00_Ptol",2033,0
"Greece","GRMCOSCP00_Ptol",2034,0
"Greece","GRMCOSCP00_Ptol",2035,0
"Greece","GRMCOSCP00_Ptol",2036,0
"Greece","GRMCOSCP00_Ptol",2037,0
"Greece","GRMCOSCP00_Ptol",2038,0
"Greece","GRMCOSCP00_Ptol",2039,0
"Greece","GRMCOSCP00_Ptol",2040,0
"Greece","GRMCOSCP00_Ptol",2041,0
"Greece","GRMCOSCP00_Ptol",2042,0
"Greece","GRMCOSCP00_Ptol",2043,0
"Greece","GRMCOSCP00_Ptol",2044,0
"Greece","GRMCOSCP00_Ptol",2045,0
"Greece","GRMCOSCP00_Ptol",2046,0
"Greece","GRMCOSCP00_Ptol",2047,0
"Greece","GRMCOSCP00_Ptol",2048,0
"Greece","GRMCOSCP00_Ptol",2049,0
"Greece","GRMCOSCP00_Ptol",2050,0
"Greece","GRMEL00T00",2019,0
"Greece","GRMEL00T00",2020,0
"Greece","GRMEL00T00",2021,0
"Greece","GRMEL00T00",2022,0
"Greece","GRMEL00T00",2023,0
"Greece","GRMEL00T00",2024,0
"Greece","GRMEL00T00",2025,0
"Greece","GRMEL00T00",2026,0
"Greece","GRMEL00T00",2027,0
"Greece","GRMEL00T00",2028,0
"Greece","GRMEL00T00",2029,0
"Greece","GRMEL00T00",2030,0
"Greece","GRMEL00T00",2031,0
"Greece","GRMEL00T00",2032,0
"Greece","GRMEL00T00",2033,0
"Greece","GRMEL00T00",2034,0
"Greece","GRMEL00T00",2035,0
"Greece","GRMEL00T00",2036,0
"Greece","GRMEL00T00",2037,0
"Greece","GRMEL00T00",2038,0
"Greece","GRMEL00T00",2039,0
"Greece","GRMEL00T00",2040,0
"Greece","GRMEL00T00",2041,0
"Greece","GRMEL00T00",2042,0
"Greece","GRMEL00T00",2043,0
"Greece","GRMEL00T00",2044,0
"Greece","GRMEL00T00",2045,0
"Greece","GRMEL00T00",2046,0
"Greece","GRMEL00T00",2047,0
"Greece","GRMEL00T00",2048,0
"Greece","GRMEL00T00",2049,0
"Greece","GRMEL00T00",2050,0
"Greece","GRMHFSTP00",2019,0
"Greece","GRMHFSTP00",2020,0
"Greece","GRMHFSTP00",2021,0
"Greece","GRMHFSTP00",2022,0
"Greece","GRMHFSTP00",2023,0
"Greece","GRMHFSTP00",2024,0
"Greece","GRMHFSTP00",2025,0
"Greece","GRMHFSTP00",2026,0
"Greece","GRMHFSTP00",2027,0
"Greece","GRMHFSTP00",2028,0
"Greece","GRMHFSTP00",2029,0
"Greece","GRMHFSTP00",2030,0
"Greece","GRMHFSTP00",2031,0
"Greece","GRMHFSTP00",2032,0
"Greece","GRMHFSTP00",2033,0
"Greece","GRMHFSTP00",2034,0
"Greece","GRMHFSTP00",2035,0
"Greece","GRMHFSTP00",2036,0
"Greece","GRMHFSTP00",2037,0
"Greece","GRMHFSTP00",2038,0
"Greece","GRMHFSTP00",2039,0
"Greece","GRMHFSTP00",2040,0
"Greece","GRMHFSTP00",2041,0
"Greece","GRMHFSTP00",2042,0
"Greece","GRMHFSTP00",2043,0
"Greece","GRMHFSTP00",2044,0
"Greece","GRMHFSTP00",2045,0
"Greece","GRMHFSTP00",2046,0
"Greece","GRMHFSTP00",2047,0
"Greece","GRMHFSTP00",2048,0
"Greece","GRMHFSTP00",2049,0
"Greece","GRMHFSTP00",2050,0
"Greece","GRMHYDMS01",2019,259.44
"Greece","GRMHYDMS01",2020,279.25
"Greece","GRMHYDMS01",2021,299.78
"Greece","GRMHYDMS01",2022,309.14
"Greece","GRMHYDMS01",2023,318.5
"Greece","GRMHYDMS01",2024,327.86
"Greece","GRMHYDMS01",2025,337.22
"Greece","GRMHYDMS01",2026,346.58
"Greece","GRMHYDMS01",2027,355.94
"Greece","GRMHYDMS01",2028,365.04
"Greece","GRMHYDMS01",2029,374.4
"Greece","GRMHYDMS01",2030,383.76
"Greece","GRMHYDMS01",2031,384.02
"Greece","GRMHYDMS01",2032,384.28
"Greece","GRMHYDMS01",2033,384.54
"Greece","GRMHYDMS01",2034,384.8
"Greece","GRMHYDMS01",2035,385.06
"Greece","GRMHYDMS01",2036,385.32
"Greece","GRMHYDMS01",2037,385.58
"Greece","GRMHYDMS01",2038,385.84
"Greece","GRMHYDMS01",2039,386.1
"Greece","GRMHYDMS01",2040,386.36
"Greece","GRMHYDMS01",2041,386.62
"Greece","GRMHYDMS01",2042,386.88
"Greece","GRMHYDMS01",2043,659.211092692627
"Greece","GRMHYDMS01",2044,1032.15381337274
"Greece","GRMHYDMS01",2045,1405.59653405286
"Greece","GRMHYDMS01",2046,1779.53925473298
"Greece","GRMHYDMS01",2047,2153.98197541309
"Greece","GRMHYDMS01",2048,2528.92469609321
"Greece","GRMHYDMS01",2049,2904.36741677332
"Greece","GRMHYDMS01",2050,3141.6
"Greece","GRMHYDMS02",2019,183.77
"Greece","GRMHYDMS02",2020,189.89
"Greece","GRMHYDMS02",2021,196.01
"Greece","GRMHYDMS02",2022,202.13
"Greece","GRMHYDMS02",2023,208.25
"Greece","GRMHYDMS02",2024,214.37
"Greece","GRMHYDMS02",2025,220.49
"Greece","GRMHYDMS02",2026,226.61
"Greece","GRMHYDMS02",2027,232.73
"Greece","GRMHYDMS02",2028,238.68
"Greece","GRMHYDMS02",2029,244.8
"Greece","GRMHYDMS02",2030,250.92
"Greece","GRMHYDMS02",2031,251.09
"Greece","GRMHYDMS02",2032,251.26
"Greece","GRMHYDMS02",2033,251.43
"Greece","GRMHYDMS02",2034,251.6
"Greece","GRMHYDMS02",2035,251.77
"Greece","GRMHYDMS02",2036,251.94
"Greece","GRMHYDMS02",2037,252.11
"Greece","GRMHYDMS02",2038,252.28
"Greece","GRMHYDMS02",2039,252.45
"Greece","GRMHYDMS02",2040,252.62
"Greece","GRMHYDMS02",2041,252.79
"Greece","GRMHYDMS02",2042,252.96
"Greece","GRMHYDMS02",2043,253.13
"Greece","GRMHYDMS02",2044,253.3
"Greece","GRMHYDMS02",2045,253.47
"Greece","GRMHYDMS02",2046,253.64
"Greece","GRMHYDMS02",2047,253.81
"Greece","GRMHYDMS02",2048,253.98
"Greece","GRMHYDMS02",2049,254.15
"Greece","GRMHYDMS02",2050,254.32
"Greece","GRMHYDMS03",2019,3243
"Greece","GRMHYDMS03",2020,3351
"Greece","GRMHYDMS03",2021,3459
"Greece","GRMHYDMS03",2022,3567
"Greece","GRMHYDMS03",2023,3675
"Greece","GRMHYDMS03",2024,3783
"Greece","GRMHYDMS03",2025,3891
"Greece","GRMHYDMS03",2026,3999
"Greece","GRMHYDMS03",2027,4107
"Greece","GRMHYDMS03",2028,4212
"Greece","GRMHYDMS03",2029,4320
"Greece","GRMHYDMS03",2030,4428
"Greece","GRMHYDMS03",2031,4431
"Greece","GRMHYDMS03",2032,4434
"Greece","GRMHYDMS03",2033,4437
"Greece","GRMHYDMS03",2034,4440
"Greece","GRMHYDMS03",2035,4443
"Greece","GRMHYDMS03",2036,4446
"Greece","GRMHYDMS03",2037,4449
"Greece","GRMHYDMS03",2038,4452
"Greece","GRMHYDMS03",2039,4455
"Greece","GRMHYDMS03",2040,4458
"Greece","GRMHYDMS03",2041,4461
"Greece","GRMHYDMS03",2042,4464
"Greece","GRMHYDMS03",2043,4467
"Greece","GRMHYDMS03",2044,4470
"Greece","GRMHYDMS03",2045,4473
"Greece","GRMHYDMS03",2046,4476
"Greece","GRMHYDMS03",2047,4479
"Greece","GRMHYDMS03",2048,4482
"Greece","GRMHYDMS03",2049,4485
"Greece","GRMHYDMS03",2050,4488
"Greece","GRMNGCCP00",2019,0
"Greece","GRMNGCCP00",2020,0
"Greece","GRMNGCCP00",2021,0
"Greece","GRMNGCCP00",2022,0
"Greece","GRMNGCCP00",2023,0
"Greece","GRMNGCCP00",2024,0
"Greece","GRMNGCCP00",2025,0
"Greece","GRMNGCCP00",2026,0
"Greece","GRMNGCCP00",2027,0
"Greece","GRMNGCCP00",2028,0
"Greece","GRMNGCCP00",2029,0
"Greece","GRMNGCCP00",2030,0
"Greece","GRMNGCCP00",2031,0
"Greece","GRMNGCCP00",2032,0
"Greece","GRMNGCCP00",2033,0
"Greece","GRMNGCCP00",2034,0
"Greece","GRMNGCCP00",2035,0
"Greece","GRMNGCCP00",2036,0
"Greece","GRMNGCCP00",2037,0
"Greece","GRMNGCCP00",2038,0
"Greece","GRMNGCCP00",2039,0
"Greece","GRMNGCCP00",2040,0
"Greece","GRMNGCCP00",2041,0
"Greece","GRMNGCCP00",2042,0
"Greece","GRMNGCCP00",2043,0
"Greece","GRMNGCCP00",2044,0
"Greece","GRMNGCCP00",2045,0
"Greece","GRMNGCCP00",2046,0
"Greece","GRMNGCCP00",2047,0
"Greece","GRMNGCCP00",2048,0
"Greece","GRMNGCCP00",2049,0
"Greece","GRMNGCCP00",2050,0
"Greece","GRMNGGCP00",2019,0
"Greece","GRMNGGCP00",2020,0
"Greece","GRMNGGCP00",2021,0
"Greece","GRMNGGCP00",2022,0
"Greece","GRMNGGCP00",2023,0
"Greece","GRMNGGCP00",2024,0
"Greece","GRMNGGCP00",2025,0
"Greece","GRMNGGCP00",2026,0
"Greece","GRMNGGCP00",2027,0
"Greece","GRMNGGCP00",2028,0
"Greece","GRMNGGCP00",2029,0
"Greece","GRMNGGCP00",2030,0
"Greece","GRMNGGCP00",2031,0
"Greece","GRMNGGCP00",2032,0
"Greece","GRMNGGCP00",2033,0
"Greece","GRMNGGCP00",2034,0
"Greece","GRMNGGCP00",2035,0
"Greece","GRMNGGCP00",2036,0
"Greece","GRMNGGCP00",2037,0
"Greece","GRMNGGCP00",2038,0
"Greece","GRMNGGCP00",2039,0
"Greece","GRMNGGCP00",2040,0
"Greece","GRMNGGCP00",2041,0
"Greece","GRMNGGCP00",2042,0
"Greece","GRMNGGCP00",2043,0
"Greece","GRMNGGCP00",2044,0
"Greece","GRMNGGCP00",2045,0
"Greece","GRMNGGCP00",2046,0
"Greece","GRMNGGCP00",2047,0
"Greece","GRMNGGCP00",2048,0
"Greece","GRMNGGCP00",2049,0
"Greece","GRMNGGCP00",2050,0
"Greece","GRMSOC1P00",2019,0
"Greece","GRMSOC1P00",2020,0
"Greece","GRMSOC1P00",2021,0
"Greece","GRMSOC1P00",2022,0
"Greece","GRMSOC1P00",2023,0
"Greece","GRMSOC1P00",2024,0
"Greece","GRMSOC1P00",2025,0
"Greece","GRMSOC1P00",2026,0
"Greece","GRMSOC1P00",2027,0
"Greece","GRMSOC1P00",2028,0
"Greece","GRMSOC1P00",2029,0
"Greece","GRMSOC1P00",2030,0
"Greece","GRMSOC1P00",2031,0
"Greece","GRMSOC1P00",2032,0
"Greece","GRMSOC1P00",2033,0
"Greece","GRMSOC1P00",2034,0
"Greece","GRMSOC1P00",2035,0
"Greece","GRMSOC1P00",2036,0
"Greece","GRMSOC1P00",2037,0
"Greece","GRMSOC1P00",2038,0
"Greece","GRMSOC1P00",2039,0
"Greece","GRMSOC1P00",2040,0
"Greece","GRMSOC1P00",2041,0
"Greece","GRMSOC1P00",2042,0
"Greece","GRMSOC1P00",2043,0
"Greece","GRMSOC1P00",2044,0
"Greece","GRMSOC1P00",2045,0
"Greece","GRMSOC1P00",2046,0
"Greece","GRMSOC1P00",2047,0
"Greece","GRMSOC1P00",2048,0
"Greece","GRMSOC1P00",2049,119.25
"Greece","GRMSOC1P00",2050,119.25
"Greece","GRMSOU1P03",2019,2751.54
"Greece","GRMSOU1P03",2020,3206.06
"Greece","GRMSOU1P03",2021,3852.96
"Greece","GRMSOU1P03",2022,4554.53
"Greece","GRMSOU1P03",2023,5237.19
"Greece","GRMSOU1P03",2024,5891.86
"Greece","GRMSOU1P03",2025,6529.02
"Greece","GRMSOU1P03",2026,7136.79
"Greece","GRMSOU1P03",2027,7728.45
"Greece","GRMSOU1P03",2028,8289.32
"Greece","GRMSOU1P03",2029,8739
"Greece","GRMSOU1P03",2030,8595
"Greece","GRMSOU1P03",2031,9311.25
"Greece","GRMSOU1P03",2032,9311.25
"Greece","GRMSOU1P03",2033,9301.5
"Greece","GRMSOU1P03",2034,9939.45496094942
"Greece","GRMSOU1P03",2035,10654.9549609494
"Greece","GRMSOU1P03",2036,10654.9549609494
"Greece","GRMSOU1P03",2037,10654.9549609494
"Greece","GRMSOU1P03",2038,10654.9549609494
"Greece","GRMSOU1P03",2039,10654.9549609494
"Greece","GRMSOU1P03",2040,10654.9549609494
"Greece","GRMSOU1P03",2041,10654.9549609494
"Greece","GRMSOU1P03",2042,10654.9549609494
"Greece","GRMSOU1P03",2043,10654.9549609494
"Greece","GRMSOU1P03",2044,10756.9989468992
"Greece","GRMSOU1P03",2045,10856.5000391637
"Greece","GRMSOU1P03",2046,10856.5000391637
"Greece","GRMSOU1P03",2047,11571.2500391637
"Greece","GRMSOU1P03",2048,12286.0000391637
"Greece","GRMSOU1P03",2049,10694.4900391637
"Greece","GRMSOU1P03",2050,10989.9200391637
"Greece","GRMSOV1F01",2019,466.17
"Greece","GRMSOV1F01",2020,482.03
"Greece","GRMSOV1F01",2021,518.88
"Greece","GRMSOV1F01",2022,782.64
"Greece","GRMSOV1F01",2023,1038.87
"Greece","GRMSOV1F01",2024,1285.88
"Greece","GRMSOV1F01",2025,1525.86
"Greece","GRMSOV1F01",2026,1756.12
"Greece","GRMSOV1F01",2027,1979.85
"Greece","GRMSOV1F01",2028,2193.36
"Greece","GRMSOV1F01",2029,2398.37
"Greece","GRMSOV1F01",2030,2597.6
"Greece","GRMSOV1F01",2031,2693.1
"Greece","GRMSOV1F01",2032,2788.6
"Greece","GRMSOV1F01",2033,2881.08
"Greece","GRMSOV1F01",2034,2976.48
"Greece","GRMSOV1F01",2035,3071.88
"Greece","GRMSOV1F01",2036,3167.28
"Greece","GRMSOV1F01",2037,3262.68
"Greece","GRMSOV1F01",2038,3358.08
"Greece","GRMSOV1F01",2039,3453.48
"Greece","GRMSOV1F01",2040,3548.88
"Greece","GRMSOV1F01",2041,3644.28
"Greece","GRMSOV1F01",2042,3739.68
"Greece","GRMSOV1F01",2043,3816
"Greece","GRMSOV1F01",2044,3812
"Greece","GRMSOV1F01",2045,3812
"Greece","GRMSOV1F01",2046,3812
"Greece","GRMSOV1F01",2047,3812
"Greece","GRMSOV1F01",2048,3812
"Greece","GRMSOV1F01",2049,3516.57
"Greece","GRMSOV1F01",2050,3592.81
"Greece","GRMWIP00",2019,7992.54
"Greece","GRMWIP00",2020,8853.88
"Greece","GRMWIP00",2021,9148.76
"Greece","GRMWIP00",2022,10579.56
"Greece","GRMWIP00",2023,11899.86
"Greece","GRMWIP00",2024,13109.66
"Greece","GRMWIP00",2025,14208.96
"Greece","GRMWIP00",2026,15197.76
"Greece","GRMWIP00",2027,16076.06
"Greece","GRMWIP00",2028,16843.86
"Greece","GRMWIP00",2029,17501.16
"Greece","GRMWIP00",2030,17988
"Greece","GRMWIP00",2031,19133.65
"Greece","GRMWIP00",2032,20262.3
"Greece","GRMWIP00",2033,21359.4
"Greece","GRMWIP00",2034,22453.2
"Greece","GRMWIP00",2035,23530
"Greece","GRMWIP00",2036,24146.5355734104
"Greece","GRMWIP00",2037,24679.6646745083
"Greece","GRMWIP00",2038,25555.7284683185
"Greece","GRMWIP00",2039,25953.9055968876
"Greece","GRMWIP00",2040,26107.5899938259
"Greece","GRMWIP00",2041,26043.4817648505
"Greece","GRMWIP00",2042,25855.7133310737
"Greece","GRMWIP00",2043,25667.9448972968
"Greece","GRMWIP00",2044,25502.3287185076
"Greece","GRMWIP00",2045,25314.2584477222
"Greece","GRMWIP00",2046,25126.1881769367
"Greece","GRMWIP00",2047,24938.1179061513
"Greece","GRMWIP00",2048,25150.3992735789
"Greece","GRMWIP00",2049,20897.6268170928
"Greece","GRMWIP00",2050,20708.663114958
"Greece","GRMWIP01",2019,0
"Greece","GRMWIP01",2020,0
"Greece","GRMWIP01",2021,0
"Greece","GRMWIP01",2022,0
"Greece","GRMWIP01",2023,0
"Greece","GRMWIP01",2024,0
"Greece","GRMWIP01",2025,0
"Greece","GRMWIP01",2026,0
"Greece","GRMWIP01",2027,0
"Greece","GRMWIP01",2028,0
"Greece","GRMWIP01",2029,0
"Greece","GRMWIP01",2030,173.569754676574
"Greece","GRMWIP01",2031,440.069754676574
"Greece","GRMWIP01",2032,705.906931266934
"Greece","GRMWIP01",2033,972.156931266934
"Greece","GRMWIP01",2034,1237.24410785729
"Greece","GRMWIP01",2035,1503.24410785729
"Greece","GRMWIP01",2036,1501.83128444765
"Greece","GRMWIP01",2037,1500.41846103801
"Greece","GRMWIP01",2038,1500.41846103801
"Greece","GRMWIP01",2039,1616.71001311776
"Greece","GRMWIP01",2040,1881.96001311776
"Greece","GRMWIP01",2041,2145.1862525022
"Greece","GRMWIP01",2042,2321.26781541066
"Greece","GRMWIP01",2043,2382.75
"Greece","GRMWIP01",2044,2645
"Greece","GRMWIP01",2045,2645
"Greece","GRMWIP01",2046,2642.5
"Greece","GRMWIP01",2047,2642.5
"Greece","GRMWIP01",2048,2904
"Greece","GRMWIP01",2049,3168
"Greece","GRMWIP01",2050,3165
"Greece","GRNG00I00",2019,0
"Greece","GRNG00I00",2020,0
"Greece","GRNG00I00",2021,0
"Greece","GRNG00I00",2022,0
"Greece","GRNG00I00",2023,0
"Greece","GRNG00I00",2024,0
"Greece","GRNG00I00",2025,0
"Greece","GRNG00I00",2026,0
"Greece","GRNG00I00",2027,0
"Greece","GRNG00I00",2028,0
"Greece","GRNG00I00",2029,0
"Greece","GRNG00I00",2030,0
"Greece","GRNG00I00",2031,0
"Greece","GRNG00I00",2032,0
"Greece","GRNG00I00",2033,0
"Greece","GRNG00I00",2034,0
"Greece","GRNG00I00",2035,0
"Greece","GRNG00I00",2036,0
"Greece","GRNG00I00",2037,0
"Greece","GRNG00I00",2038,0
"Greece","GRNG00I00",2039,0
"Greece","GRNG00I00",2040,0
"Greece","GRNG00I00",2041,0
"Greece","GRNG00I00",2042,0
"Greece","GRNG00I00",2043,0
"Greece","GRNG00I00",2044,0
"Greece","GRNG00I00",2045,0
"Greece","GRNG00I00",2046,0
"Greece","GRNG00I00",2047,0
"Greece","GRNG00I00",2048,0
"Greece","GRNG00I00",2049,0
"Greece","GRNG00I00",2050,0
"Greece","NGCHPPWR",2019,0
"Greece","NGCHPPWR",2020,0
"Greece","NGCHPPWR",2021,0
"Greece","NGCHPPWR",2022,0
"Greece","NGCHPPWR",2023,0
"Greece","NGCHPPWR",2024,0
"Greece","NGCHPPWR",2025,0
"Greece","NGCHPPWR",2026,0
"Greece","NGCHPPWR",2027,0
"Greece","NGCHPPWR",2028,0
"Greece","NGCHPPWR",2029,0
"Greece","NGCHPPWR",2030,0
"Greece","NGCHPPWR",2031,0
"Greece","NGCHPPWR",2032,0
"Greece","NGCHPPWR",2033,0
"Greece","NGCHPPWR",2034,0
"Greece","NGCHPPWR",2035,0
"Greece","NGCHPPWR",2036,0
"Greece","NGCHPPWR",2037,0
"Greece","NGCHPPWR",2038,0
"Greece","NGCHPPWR",2039,0
"Greece","NGCHPPWR",2040,0
"Greece","NGCHPPWR",2041,0
"Greece","NGCHPPWR",2042,0
"Greece","NGCHPPWR",2043,0
"Greece","NGCHPPWR",2044,0
"Greece","NGCHPPWR",2045,0
"Greece","NGCHPPWR",2046,0
"Greece","NGCHPPWR",2047,0
"Greece","NGCHPPWR",2048,0
"Greece","NGCHPPWR",2049,0
"Greece","NGCHPPWR",2050,0
"Greece","NGSPROD",2019,0
"Greece","NGSPROD",2020,0
"Greece","NGSPROD",2021,0
"Greece","NGSPROD",2022,0
"Greece","NGSPROD",2023,0
"Greece","NGSPROD",2024,0
"Greece","NGSPROD",2025,0
"Greece","NGSPROD",2026,0
"Greece","NGSPROD",2027,0
"Greece","NGSPROD",2028,0
"Greece","NGSPROD",2029,0
"Greece","NGSPROD",2030,0
"Greece","NGSPROD",2031,0
"Greece","NGSPROD",2032,0
"Greece","NGSPROD",2033,0
"Greece","NGSPROD",2034,0
"Greece","NGSPROD",2035,0
"Greece","NGSPROD",2036,0
"Greece","NGSPROD",2037,0
"Greece","NGSPROD",2038,0
"Greece","NGSPROD",2039,0
"Greece","NGSPROD",2040,0
"Greece","NGSPROD",2041,0
"Greece","NGSPROD",2042,0
"Greece","NGSPROD",2043,0
"Greece","NGSPROD",2044,0
"Greece","NGSPROD",2045,0
"Greece","NGSPROD",2046,0
"Greece","NGSPROD",2047,0
"Greece","NGSPROD",2048,0
"Greece","NGSPROD",2049,0
"Greece","NGSPROD",2050,0
"Greece","OILPROD",2019,0
"Greece","OILPROD",2020,0
"Greece","OILPROD",2021,0
"Greece","OILPROD",2022,0
"Greece","OILPROD",2023,0
"Greece","OILPROD",2024,0
"Greece","OILPROD",2025,0
"Greece","OILPROD",2026,0
"Greece","OILPROD",2027,0
"Greece","OILPROD",2028,0
"Greece","OILPROD",2029,0
"Greece","OILPROD",2030,0
"Greece","OILPROD",2031,0
"Greece","OILPROD",2032,0
"Greece","OILPROD",2033,0
"Greece","OILPROD",2034,0
"Greece","OILPROD",2035,0
"Greece","OILPROD",2036,0
"Greece","OILPROD",2037,0
"Greece","OILPROD",2038,0
"Greece","OILPROD",2039,0
"Greece","OILPROD",2040,0
"Greece","OILPROD",2041,0
"Greece","OILPROD",2042,0
"Greece","OILPROD",2043,0
"Greece","OILPROD",2044,0
"Greece","OILPROD",2045,0
"Greece","OILPROD",2046,0
"Greece","OILPROD",2047,0
"Greece","OILPROD",2048,0
"Greece","OILPROD",2049,0
"Greece","OILPROD",2050,0
"Greece","PUMP",2019,0
"Greece","PUMP",2020,0
"Greece","PUMP",2021,0
"Greece","PUMP",2022,0
"Greece","PUMP",2023,0
"Greece","PUMP",2024,0
"Greece","PUMP",2025,0
"Greece","PUMP",2026,0
"Greece","PUMP",2027,0
"Greece","PUMP",2028,0
"Greece","PUMP",2029,0
"Greece","PUMP",2030,0
"Greece","PUMP",2031,0
"Greece","PUMP",2032,0
"Greece","PUMP",2033,0
"Greece","PUMP",2034,0
"Greece","PUMP",2035,0
"Greece","PUMP",2036,0
"Greece","PUMP",2037,0
"Greece","PUMP",2038,0
"Greece","PUMP",2039,0
"Greece","PUMP",2040,0
"Greece","PUMP",2041,0
"Greece","PUMP",2042,0
"Greece","PUMP",2043,0
"Greece","PUMP",2044,0
"Greece","PUMP",2045,0
"Greece","PUMP",2046,0
"Greece","PUMP",2047,0
"Greece","PUMP",2048,0
"Greece","PUMP",2049,0
"Greece","PUMP",2050,0
"Greece","PWRHYDR",2019,0
"Greece","PWRHYDR",2020,0
"Greece","PWRHYDR",2021,0
"Greece","PWRHYDR",2022,0
"Greece","PWRHYDR",2023,0
"Greece","PWRHYDR",2024,0
"Greece","PWRHYDR",2025,0
"Greece","PWRHYDR",2026,0
"Greece","PWRHYDR",2027,0
"Greece","PWRHYDR",2028,0
"Greece","PWRHYDR",2029,0
"Greece","PWRHYDR",2030,0
"Greece","PWRHYDR",2031,0
"Greece","PWRHYDR",2032,0
"Greece","PWRHYDR",2033,0
"Greece","PWRHYDR",2034,0
"Greece","PWRHYDR",2035,0
"Greece","PWRHYDR",2036,0
"Greece","PWRHYDR",2037,0
"Greece","PWRHYDR",2038,0
"Greece","PWRHYDR",2039,0
"Greece","PWRHYDR",2040,0
"Greece","PWRHYDR",2041,0
"Greece","PWRHYDR",2042,0
"Greece","PWRHYDR",2043,0
"Greece","PWRHYDR",2044,0
"Greece","PWRHYDR",2045,0
"Greece","PWRHYDR",2046,0
"Greece","PWRHYDR",2047,0
"Greece","PWRHYDR",2048,0
"Greece","PWRHYDR",2049,0
"Greece","PWRHYDR",2050,0
