r,t,y,NewCapacity
"Greece","ALELGRBPO",2019,0
"Greece","ALELGRBPO",2020,0
"Greece","ALELGRBPO",2021,0
"Greece","ALELGRBPO",2022,0
"Greece","ALELGRBPO",2023,0
"Greece","ALELGRBPO",2024,0
"Greece","ALELGRBPO",2025,0
"Greece","ALELGRBPO",2026,0
"Greece","ALELGRBPO",2027,0
"Greece","ALELGRBPO",2028,0
"Greece","ALELGRBPO",2029,0
"Greece","ALELGRBPO",2030,0
"Greece","ALELGRBPO",2031,0
"Greece","ALELGRBPO",2032,0
"Greece","ALELGRBPO",2033,0
"Greece","ALELGRBPO",2034,0
"Greece","ALELGRBPO",2035,0
"Greece","ALELGRBPO",2036,0
"Greece","ALELGRBPO",2037,0
"Greece","ALELGRBPO",2038,0
"Greece","ALELGRBPO",2039,0
"Greece","ALELGRBPO",2040,0
"Greece","ALELGRBPO",2041,0
"Greece","ALELGRBPO",2042,0
"Greece","ALELGRBPO",2043,0
"Greece","ALELGRBPO",2044,0
"Greece","ALELGRBPO",2045,0
"Greece","ALELGRBPO",2046,0
"Greece","ALELGRBPO",2047,0
"Greece","ALELGRBPO",2048,0
"Greece","ALELGRBPO",2049,0
"Greece","ALELGRBPO",2050,0
"Greece","BATT",2019,0
"Greece","BATT",2020,0
"Greece","BATT",2021,0
"Greece","BATT",2022,0
"Greece","BATT",2023,0
"Greece","BATT",2024,0
"Greece","BATT",2025,0
"Greece","BATT",2026,0
"Greece","BATT",2027,0
"Greece","BATT",2028,0
"Greece","BATT",2029,0
"Greece","BATT",2030,0
"Greece","BATT",2031,0
"Greece","BATT",2032,0
"Greece","BATT",2033,0
"Greece","BATT",2034,0
"Greece","BATT",2035,0
"Greece","BATT",2036,0
"Greece","BATT",2037,0
"Greece","BATT",2038,0
"Greece","BATT",2039,0
"Greece","BATT",2040,0
"Greece","BATT",2041,0
"Greece","BATT",2042,0
"Greece","BATT",2043,0
"Greece","BATT",2044,0
"Greece","BATT",2045,0
"Greece","BATT",2046,0
"Greece","BATT",2047,0
"Greece","BATT",2048,0
"Greece","BATT",2049,0
"Greece","BATT",2050,0
"Greece","GEOPWR_H",2019,0
"Greece","GEOPWR_H",2020,0
"Greece","GEOPWR_H",2021,0
"Greece","GEOPWR_H",2022,0
"Greece","GEOPWR_H",2023,0
"Greece","GEOPWR_H",2024,0
"Greece","GEOPWR_H",2025,0
"Greece","GEOPWR_H",2026,0
"Greece","GEOPWR_H",2027,0
"Greece","GEOPWR_H",2028,0
"Greece","GEOPWR_H",2029,0
"Greece","GEOPWR_H",2030,0
"Greece","GEOPWR_H",2031,0
"Greece","GEOPWR_H",2032,0
"Greece","GEOPWR_H",2033,0
"Greece","GEOPWR_H",2034,0
"Greece","GEOPWR_H",2035,0.2
"Greece","GEOPWR_H",2036,0
"Greece","GEOPWR_H",2037,0
"Greece","GEOPWR_H",2038,0
"Greece","GEOPWR_H",2039,0
"Greece","GEOPWR_H",2040,0
"Greece","GEOPWR_H",2041,0
"Greece","GEOPWR_H",2042,0
"Greece","GEOPWR_H",2043,0
"Greece","GEOPWR_H",2044,0
"Greece","GEOPWR_H",2045,0
"Greece","GEOPWR_H",2046,0
"Greece","GEOPWR_H",2047,0
"Greece","GEOPWR_H",2048,0
"Greece","GEOPWR_H",2049,0
"Greece","GEOPWR_H",2050,0
"Greece","GEOPWR_M",2019,0
"Greece","GEOPWR_M",2020,0
"Greece","GEOPWR_M",2021,0
"Greece","GEOPWR_M",2022,0
"Greece","GEOPWR_M",2023,0
"Greece","GEOPWR_M",2024,0
"Greece","GEOPWR_M",2025,0
"Greece","GEOPWR_M",2026,0
"Greece","GEOPWR_M",2027,0
"Greece","GEOPWR_M",2028,0
"Greece","GEOPWR_M",2029,0
"Greece","GEOPWR_M",2030,0
"Greece","GEOPWR_M",2031,0
"Greece","GEOPWR_M",2032,0
"Greece","GEOPWR_M",2033,0
"Greece","GEOPWR_M",2034,0
"Greece","GEOPWR_M",2035,0
"Greece","GEOPWR_M",2036,0
"Greece","GEOPWR_M",2037,0
"Greece","GEOPWR_M",2038,0
"Greece","GEOPWR_M",2039,0
"Greece","GEOPWR_M",2040,0
"Greece","GEOPWR_M",2041,0
"Greece","GEOPWR_M",2042,0
"Greece","GEOPWR_M",2043,0
"Greece","GEOPWR_M",2044,0
"Greece","GEOPWR_M",2045,0
"Greece","GEOPWR_M",2046,0
"Greece","GEOPWR_M",2047,0
"Greece","GEOPWR_M",2048,0.25
"Greece","GEOPWR_M",2049,0.25
"Greece","GEOPWR_M",2050,0
"Greece","GRBM00I00",2019,0
"Greece","GRBM00I00",2020,0
"Greece","GRBM00I00",2021,0
"Greece","GRBM00I00",2022,0
"Greece","GRBM00I00",2023,0
"Greece","GRBM00I00",2024,0
"Greece","GRBM00I00",2025,0
"Greece","GRBM00I00",2026,0
"Greece","GRBM00I00",2027,0
"Greece","GRBM00I00",2028,0
"Greece","GRBM00I00",2029,0
"Greece","GRBM00I00",2030,0
"Greece","GRBM00I00",2031,0
"Greece","GRBM00I00",2032,0
"Greece","GRBM00I00",2033,0
"Greece","GRBM00I00",2034,0
"Greece","GRBM00I00",2035,0
"Greece","GRBM00I00",2036,0
"Greece","GRBM00I00",2037,0
"Greece","GRBM00I00",2038,0
"Greece","GRBM00I00",2039,0
"Greece","GRBM00I00",2040,0
"Greece","GRBM00I00",2041,0
"Greece","GRBM00I00",2042,0
"Greece","GRBM00I00",2043,0
"Greece","GRBM00I00",2044,0
"Greece","GRBM00I00",2045,0
"Greece","GRBM00I00",2046,0
"Greece","GRBM00I00",2047,0
"Greece","GRBM00I00",2048,0
"Greece","GRBM00I00",2049,0
"Greece","GRBM00I00",2050,0
"Greece","GRBM00X00",2019,4.47529142016
"Greece","GRBM00X00",2020,0.507148076159998
"Greece","GRBM00X00",2021,0.495533998080003
"Greece","GRBM00X00",2022,10.7817358176
"Greece","GRBM00X00",2023,10.549454256
"Greece","GRBM00X00",2024,10.3171726944
"Greece","GRBM00X00",2025,0
"Greece","GRBM00X00",2026,0
"Greece","GRBM00X00",2027,9.03962410559997
"Greece","GRBM00X00",2028,0
"Greece","GRBM00X00",2029,0
"Greece","GRBM00X00",2030,0
"Greece","GRBM00X00",2031,0
"Greece","GRBM00X00",2032,0
"Greece","GRBM00X00",2033,8.46322171200002
"Greece","GRBM00X00",2034,9.93257856
"Greece","GRBM00X00",2035,9.63929375999998
"Greece","GRBM00X00",2036,0
"Greece","GRBM00X00",2037,0
"Greece","GRBM00X00",2038,0
"Greece","GRBM00X00",2039,0
"Greece","GRBM00X00",2040,0
"Greece","GRBM00X00",2041,0
"Greece","GRBM00X00",2042,0
"Greece","GRBM00X00",2043,0
"Greece","GRBM00X00",2044,0
"Greece","GRBM00X00",2045,0
"Greece","GRBM00X00",2046,0
"Greece","GRBM00X00",2047,0
"Greece","GRBM00X00",2048,0
"Greece","GRBM00X00",2049,0
"Greece","GRBM00X00",2050,0
"Greece","GRCO00I00",2019,0
"Greece","GRCO00I00",2020,0
"Greece","GRCO00I00",2021,53.2285776065939
"Greece","GRCO00I00",2022,0
"Greece","GRCO00I00",2023,0
"Greece","GRCO00I00",2024,0
"Greece","GRCO00I00",2025,0
"Greece","GRCO00I00",2026,0
"Greece","GRCO00I00",2027,0
"Greece","GRCO00I00",2028,0
"Greece","GRCO00I00",2029,0
"Greece","GRCO00I00",2030,0
"Greece","GRCO00I00",2031,0
"Greece","GRCO00I00",2032,0
"Greece","GRCO00I00",2033,0
"Greece","GRCO00I00",2034,0
"Greece","GRCO00I00",2035,0
"Greece","GRCO00I00",2036,0
"Greece","GRCO00I00",2037,0
"Greece","GRCO00I00",2038,0
"Greece","GRCO00I00",2039,0
"Greece","GRCO00I00",2040,0
"Greece","GRCO00I00",2041,0
"Greece","GRCO00I00",2042,0
"Greece","GRCO00I00",2043,0
"Greece","GRCO00I00",2044,0
"Greece","GRCO00I00",2045,0
"Greece","GRCO00I00",2046,0
"Greece","GRCO00I00",2047,0
"Greece","GRCO00I00",2048,0
"Greece","GRCO00I00",2049,0
"Greece","GRCO00I00",2050,0
"Greece","GRCO00X00",2019,70.277163752359
"Greece","GRCO00X00",2020,0
"Greece","GRCO00X00",2021,0
"Greece","GRCO00X00",2022,0
"Greece","GRCO00X00",2023,0
"Greece","GRCO00X00",2024,0
"Greece","GRCO00X00",2025,0
"Greece","GRCO00X00",2026,0
"Greece","GRCO00X00",2027,0
"Greece","GRCO00X00",2028,0
"Greece","GRCO00X00",2029,0
"Greece","GRCO00X00",2030,0
"Greece","GRCO00X00",2031,0
"Greece","GRCO00X00",2032,0
"Greece","GRCO00X00",2033,0
"Greece","GRCO00X00",2034,0
"Greece","GRCO00X00",2035,0
"Greece","GRCO00X00",2036,0
"Greece","GRCO00X00",2037,0
"Greece","GRCO00X00",2038,0
"Greece","GRCO00X00",2039,0
"Greece","GRCO00X00",2040,0
"Greece","GRCO00X00",2041,0
"Greece","GRCO00X00",2042,0
"Greece","GRCO00X00",2043,0
"Greece","GRCO00X00",2044,0
"Greece","GRCO00X00",2045,0
"Greece","GRCO00X00",2046,0
"Greece","GRCO00X00",2047,0
"Greece","GRCO00X00",2048,0
"Greece","GRCO00X00",2049,0
"Greece","GRCO00X00",2050,0
"Greece","GRELALBP0",2019,0
"Greece","GRELALBP0",2020,0
"Greece","GRELALBP0",2021,0
"Greece","GRELALBP0",2022,0
"Greece","GRELALBP0",2023,0
"Greece","GRELALBP0",2024,0
"Greece","GRELALBP0",2025,0
"Greece","GRELALBP0",2026,0
"Greece","GRELALBP0",2027,0
"Greece","GRELALBP0",2028,0
"Greece","GRELALBP0",2029,0
"Greece","GRELALBP0",2030,0
"Greece","GRELALBP0",2031,0
"Greece","GRELALBP0",2032,0
"Greece","GRELALBP0",2033,0
"Greece","GRELALBP0",2034,0
"Greece","GRELALBP0",2035,0
"Greece","GRELALBP0",2036,0
"Greece","GRELALBP0",2037,0
"Greece","GRELALBP0",2038,0
"Greece","GRELALBP0",2039,0
"Greece","GRELALBP0",2040,0
"Greece","GRELALBP0",2041,0
"Greece","GRELALBP0",2042,0
"Greece","GRELALBP0",2043,0
"Greece","GRELALBP0",2044,0
"Greece","GRELALBP0",2045,0
"Greece","GRELALBP0",2046,0
"Greece","GRELALBP0",2047,0
"Greece","GRELALBP0",2048,0
"Greece","GRELALBP0",2049,0
"Greece","GRELALBP0",2050,0
"Greece","GRHF00I00",2019,12.6929292929294
"Greece","GRHF00I00",2020,0
"Greece","GRHF00I00",2021,0
"Greece","GRHF00I00",2022,0
"Greece","GRHF00I00",2023,0
"Greece","GRHF00I00",2024,0
"Greece","GRHF00I00",2025,0
"Greece","GRHF00I00",2026,0
"Greece","GRHF00I00",2027,0
"Greece","GRHF00I00",2028,0
"Greece","GRHF00I00",2029,0
"Greece","GRHF00I00",2030,0
"Greece","GRHF00I00",2031,0
"Greece","GRHF00I00",2032,0
"Greece","GRHF00I00",2033,0
"Greece","GRHF00I00",2034,0
"Greece","GRHF00I00",2035,0
"Greece","GRHF00I00",2036,0
"Greece","GRHF00I00",2037,0
"Greece","GRHF00I00",2038,0
"Greece","GRHF00I00",2039,0
"Greece","GRHF00I00",2040,0
"Greece","GRHF00I00",2041,0
"Greece","GRHF00I00",2042,0
"Greece","GRHF00I00",2043,0
"Greece","GRHF00I00",2044,0
"Greece","GRHF00I00",2045,0
"Greece","GRHF00I00",2046,0
"Greece","GRHF00I00",2047,0
"Greece","GRHF00I00",2048,0
"Greece","GRHF00I00",2049,0
"Greece","GRHF00I00",2050,0
"Greece","GRMBACKSTOP",2019,80.3225376
"Greece","GRMBACKSTOP",2020,2.58555520000003
"Greece","GRMBACKSTOP",2021,2.37111040000003
"Greece","GRMBACKSTOP",2022,0
"Greece","GRMBACKSTOP",2023,0
"Greece","GRMBACKSTOP",2024,0
"Greece","GRMBACKSTOP",2025,0
"Greece","GRMBACKSTOP",2026,0
"Greece","GRMBACKSTOP",2027,0
"Greece","GRMBACKSTOP",2028,0
"Greece","GRMBACKSTOP",2029,0
"Greece","GRMBACKSTOP",2030,0
"Greece","GRMBACKSTOP",2031,0
"Greece","GRMBACKSTOP",2032,0
"Greece","GRMBACKSTOP",2033,0
"Greece","GRMBACKSTOP",2034,0
"Greece","GRMBACKSTOP",2035,0
"Greece","GRMBACKSTOP",2036,0
"Greece","GRMBACKSTOP",2037,0
"Greece","GRMBACKSTOP",2038,0
"Greece","GRMBACKSTOP",2039,0
"Greece","GRMBACKSTOP",2040,0
"Greece","GRMBACKSTOP",2041,0
"Greece","GRMBACKSTOP",2042,0
"Greece","GRMBACKSTOP",2043,0
"Greece","GRMBACKSTOP",2044,0
"Greece","GRMBACKSTOP",2045,0
"Greece","GRMBACKSTOP",2046,0
"Greece","GRMBACKSTOP",2047,0
"Greece","GRMBACKSTOP",2048,0
"Greece","GRMBACKSTOP",2049,0
"Greece","GRMBACKSTOP",2050,0
"Greece","GRMBMCHP00",2019,0
"Greece","GRMBMCHP00",2020,0.01
"Greece","GRMBMCHP00",2021,0.01
"Greece","GRMBMCHP00",2022,0.2
"Greece","GRMBMCHP00",2023,0.2
"Greece","GRMBMCHP00",2024,0.2
"Greece","GRMBMCHP00",2025,0
"Greece","GRMBMCHP00",2026,0
"Greece","GRMBMCHP00",2027,0.2
"Greece","GRMBMCHP00",2028,0
"Greece","GRMBMCHP00",2029,0
"Greece","GRMBMCHP00",2030,0
"Greece","GRMBMCHP00",2031,0
"Greece","GRMBMCHP00",2032,0
"Greece","GRMBMCHP00",2033,0.2
"Greece","GRMBMCHP00",2034,0.2
"Greece","GRMBMCHP00",2035,0.2
"Greece","GRMBMCHP00",2036,0
"Greece","GRMBMCHP00",2037,0
"Greece","GRMBMCHP00",2038,0
"Greece","GRMBMCHP00",2039,0
"Greece","GRMBMCHP00",2040,0
"Greece","GRMBMCHP00",2041,0
"Greece","GRMBMCHP00",2042,0
"Greece","GRMBMCHP00",2043,0
"Greece","GRMBMCHP00",2044,0
"Greece","GRMBMCHP00",2045,0
"Greece","GRMBMCHP00",2046,0
"Greece","GRMBMCHP00",2047,0
"Greece","GRMBMCHP00",2048,0
"Greece","GRMBMCHP00",2049,0
"Greece","GRMBMCHP00",2050,0
"Greece","GRMCOSCP00",2019,0
"Greece","GRMCOSCP00",2020,0
"Greece","GRMCOSCP00",2021,0
"Greece","GRMCOSCP00",2022,0
"Greece","GRMCOSCP00",2023,0
"Greece","GRMCOSCP00",2024,0
"Greece","GRMCOSCP00",2025,0
"Greece","GRMCOSCP00",2026,0
"Greece","GRMCOSCP00",2027,0
"Greece","GRMCOSCP00",2028,0
"Greece","GRMCOSCP00",2029,0
"Greece","GRMCOSCP00",2030,0
"Greece","GRMCOSCP00",2031,0
"Greece","GRMCOSCP00",2032,0
"Greece","GRMCOSCP00",2033,0
"Greece","GRMCOSCP00",2034,0
"Greece","GRMCOSCP00",2035,0
"Greece","GRMCOSCP00",2036,0
"Greece","GRMCOSCP00",2037,0
"Greece","GRMCOSCP00",2038,0
"Greece","GRMCOSCP00",2039,0
"Greece","GRMCOSCP00",2040,0
"Greece","GRMCOSCP00",2041,0
"Greece","GRMCOSCP00",2042,0
"Greece","GRMCOSCP00",2043,0
"Greece","GRMCOSCP00",2044,0
"Greece","GRMCOSCP00",2045,0
"Greece","GRMCOSCP00",2046,0
"Greece","GRMCOSCP00",2047,0
"Greece","GRMCOSCP00",2048,0
"Greece","GRMCOSCP00",2049,0
"Greece","GRMCOSCP00",2050,0
"Greece","GRMCOSCP00_Ptol",2019,0
"Greece","GRMCOSCP00_Ptol",2020,0
"Greece","GRMCOSCP00_Ptol",2021,0
"Greece","GRMCOSCP00_Ptol",2022,0
"Greece","GRMCOSCP00_Ptol",2023,0.7
"Greece","GRMCOSCP00_Ptol",2024,0
"Greece","GRMCOSCP00_Ptol",2025,0
"Greece","GRMCOSCP00_Ptol",2026,0
"Greece","GRMCOSCP00_Ptol",2027,0
"Greece","GRMCOSCP00_Ptol",2028,0
"Greece","GRMCOSCP00_Ptol",2029,0
"Greece","GRMCOSCP00_Ptol",2030,0
"Greece","GRMCOSCP00_Ptol",2031,0
"Greece","GRMCOSCP00_Ptol",2032,0
"Greece","GRMCOSCP00_Ptol",2033,0
"Greece","GRMCOSCP00_Ptol",2034,0
"Greece","GRMCOSCP00_Ptol",2035,0
"Greece","GRMCOSCP00_Ptol",2036,0
"Greece","GRMCOSCP00_Ptol",2037,0
"Greece","GRMCOSCP00_Ptol",2038,0
"Greece","GRMCOSCP00_Ptol",2039,0
"Greece","GRMCOSCP00_Ptol",2040,0
"Greece","GRMCOSCP00_Ptol",2041,0
"Greece","GRMCOSCP00_Ptol",2042,0
"Greece","GRMCOSCP00_Ptol",2043,0
"Greece","GRMCOSCP00_Ptol",2044,0
"Greece","GRMCOSCP00_Ptol",2045,0
"Greece","GRMCOSCP00_Ptol",2046,0
"Greece","GRMCOSCP00_Ptol",2047,0
"Greece","GRMCOSCP00_Ptol",2048,0
"Greece","GRMCOSCP00_Ptol",2049,0
"Greece","GRMCOSCP00_Ptol",2050,0
"Greece","GRMEL00T00",2019,0
"Greece","GRMEL00T00",2020,0
"Greece","GRMEL00T00",2021,0
"Greece","GRMEL00T00",2022,2.99170317428805
"Greece","GRMEL00T00",2023,0.00411675821145706
"Greece","GRMEL00T00",2024,0.00411675821145816
"Greece","GRMEL00T00",2025,0.00411675821145706
"Greece","GRMEL00T00",2026,0.00411675821145706
"Greece","GRMEL00T00",2027,0.00411675821145817
"Greece","GRMEL00T00",2028,0.00411675821145706
"Greece","GRMEL00T00",2029,0.0523707894911007
"Greece","GRMEL00T00",2030,0.00411675821145596
"Greece","GRMEL00T00",2031,0.059551540820153
"Greece","GRMEL00T00",2032,0.0595515408201519
"Greece","GRMEL00T00",2033,0.0595515408201552
"Greece","GRMEL00T00",2034,0.107805572099793
"Greece","GRMEL00T00",2035,0.0595515408201515
"Greece","GRMEL00T00",2036,0.059551540820155
"Greece","GRMEL00T00",2037,0.0595515408201517
"Greece","GRMEL00T00",2038,0.107805572099795
"Greece","GRMEL00T00",2039,0.059551540820155
"Greece","GRMEL00T00",2040,0.0595515408201507
"Greece","GRMEL00T00",2041,0.107805572099794
"Greece","GRMEL00T00",2042,0.059551540820155
"Greece","GRMEL00T00",2043,0.0669428451679796
"Greece","GRMEL00T00",2044,0.241270156398208
"Greece","GRMEL00T00",2045,0.0965080625592851
"Greece","GRMEL00T00",2046,0.0965080625592799
"Greece","GRMEL00T00",2047,0.0965080625592847
"Greece","GRMEL00T00",2048,0.144762093838926
"Greece","GRMEL00T00",2049,0.211073279950589
"Greece","GRMEL00T00",2050,0.0669428451679774
"Greece","GRMHFSTP00",2019,0
"Greece","GRMHFSTP00",2020,0
"Greece","GRMHFSTP00",2021,0
"Greece","GRMHFSTP00",2022,0
"Greece","GRMHFSTP00",2023,0
"Greece","GRMHFSTP00",2024,0
"Greece","GRMHFSTP00",2025,0
"Greece","GRMHFSTP00",2026,0
"Greece","GRMHFSTP00",2027,0
"Greece","GRMHFSTP00",2028,0
"Greece","GRMHFSTP00",2029,0
"Greece","GRMHFSTP00",2030,0
"Greece","GRMHFSTP00",2031,0
"Greece","GRMHFSTP00",2032,0
"Greece","GRMHFSTP00",2033,0
"Greece","GRMHFSTP00",2034,0
"Greece","GRMHFSTP00",2035,0
"Greece","GRMHFSTP00",2036,0
"Greece","GRMHFSTP00",2037,0
"Greece","GRMHFSTP00",2038,0
"Greece","GRMHFSTP00",2039,0
"Greece","GRMHFSTP00",2040,0
"Greece","GRMHFSTP00",2041,0
"Greece","GRMHFSTP00",2042,0
"Greece","GRMHFSTP00",2043,0
"Greece","GRMHFSTP00",2044,0
"Greece","GRMHFSTP00",2045,0
"Greece","GRMHFSTP00",2046,0
"Greece","GRMHFSTP00",2047,0
"Greece","GRMHFSTP00",2048,0
"Greece","GRMHFSTP00",2049,0
"Greece","GRMHFSTP00",2050,0
"Greece","GRMHYDMS01",2019,0
"Greece","GRMHYDMS01",2020,0.01
"Greece","GRMHYDMS01",2021,0.01
"Greece","GRMHYDMS01",2022,0
"Greece","GRMHYDMS01",2023,0
"Greece","GRMHYDMS01",2024,0
"Greece","GRMHYDMS01",2025,0
"Greece","GRMHYDMS01",2026,0
"Greece","GRMHYDMS01",2027,0
"Greece","GRMHYDMS01",2028,0
"Greece","GRMHYDMS01",2029,0
"Greece","GRMHYDMS01",2030,0
"Greece","GRMHYDMS01",2031,0
"Greece","GRMHYDMS01",2032,0
"Greece","GRMHYDMS01",2033,0
"Greece","GRMHYDMS01",2034,0
"Greece","GRMHYDMS01",2035,0
"Greece","GRMHYDMS01",2036,0
"Greece","GRMHYDMS01",2037,0
"Greece","GRMHYDMS01",2038,0
"Greece","GRMHYDMS01",2039,0
"Greece","GRMHYDMS01",2040,0
"Greece","GRMHYDMS01",2041,0
"Greece","GRMHYDMS01",2042,0
"Greece","GRMHYDMS01",2043,0.182720680115935
"Greece","GRMHYDMS01",2044,0.25
"Greece","GRMHYDMS01",2045,0.25
"Greece","GRMHYDMS01",2046,0.25
"Greece","GRMHYDMS01",2047,0.25
"Greece","GRMHYDMS01",2048,0.25
"Greece","GRMHYDMS01",2049,0.25
"Greece","GRMHYDMS01",2050,0.157279319884065
"Greece","GRMHYDMS02",2019,0
"Greece","GRMHYDMS02",2020,0
"Greece","GRMHYDMS02",2021,0
"Greece","GRMHYDMS02",2022,0
"Greece","GRMHYDMS02",2023,0
"Greece","GRMHYDMS02",2024,0
"Greece","GRMHYDMS02",2025,0
"Greece","GRMHYDMS02",2026,0
"Greece","GRMHYDMS02",2027,0
"Greece","GRMHYDMS02",2028,0
"Greece","GRMHYDMS02",2029,0
"Greece","GRMHYDMS02",2030,0
"Greece","GRMHYDMS02",2031,0
"Greece","GRMHYDMS02",2032,0
"Greece","GRMHYDMS02",2033,0
"Greece","GRMHYDMS02",2034,0
"Greece","GRMHYDMS02",2035,0
"Greece","GRMHYDMS02",2036,0
"Greece","GRMHYDMS02",2037,0
"Greece","GRMHYDMS02",2038,0
"Greece","GRMHYDMS02",2039,0
"Greece","GRMHYDMS02",2040,0
"Greece","GRMHYDMS02",2041,0
"Greece","GRMHYDMS02",2042,0
"Greece","GRMHYDMS02",2043,0
"Greece","GRMHYDMS02",2044,0
"Greece","GRMHYDMS02",2045,0
"Greece","GRMHYDMS02",2046,0
"Greece","GRMHYDMS02",2047,0
"Greece","GRMHYDMS02",2048,0
"Greece","GRMHYDMS02",2049,0
"Greece","GRMHYDMS02",2050,0
"Greece","GRMHYDMS03",2019,0
"Greece","GRMHYDMS03",2020,0
"Greece","GRMHYDMS03",2021,0
"Greece","GRMHYDMS03",2022,0
"Greece","GRMHYDMS03",2023,0
"Greece","GRMHYDMS03",2024,0
"Greece","GRMHYDMS03",2025,0
"Greece","GRMHYDMS03",2026,0
"Greece","GRMHYDMS03",2027,0
"Greece","GRMHYDMS03",2028,0
"Greece","GRMHYDMS03",2029,0
"Greece","GRMHYDMS03",2030,0
"Greece","GRMHYDMS03",2031,0
"Greece","GRMHYDMS03",2032,0
"Greece","GRMHYDMS03",2033,0
"Greece","GRMHYDMS03",2034,0
"Greece","GRMHYDMS03",2035,0
"Greece","GRMHYDMS03",2036,0
"Greece","GRMHYDMS03",2037,0
"Greece","GRMHYDMS03",2038,0
"Greece","GRMHYDMS03",2039,0
"Greece","GRMHYDMS03",2040,0
"Greece","GRMHYDMS03",2041,0
"Greece","GRMHYDMS03",2042,0
"Greece","GRMHYDMS03",2043,0
"Greece","GRMHYDMS03",2044,0
"Greece","GRMHYDMS03",2045,0
"Greece","GRMHYDMS03",2046,0
"Greece","GRMHYDMS03",2047,0
"Greece","GRMHYDMS03",2048,0
"Greece","GRMHYDMS03",2049,0
"Greece","GRMHYDMS03",2050,0
"Greece","GRMNGCCP00",2019,0
"Greece","GRMNGCCP00",2020,0.31
"Greece","GRMNGCCP00",2021,0
"Greece","GRMNGCCP00",2022,0
"Greece","GRMNGCCP00",2023,0
"Greece","GRMNGCCP00",2024,0
"Greece","GRMNGCCP00",2025,0
"Greece","GRMNGCCP00",2026,0
"Greece","GRMNGCCP00",2027,0
"Greece","GRMNGCCP00",2028,0
"Greece","GRMNGCCP00",2029,0
"Greece","GRMNGCCP00",2030,0
"Greece","GRMNGCCP00",2031,0
"Greece","GRMNGCCP00",2032,0
"Greece","GRMNGCCP00",2033,0
"Greece","GRMNGCCP00",2034,0
"Greece","GRMNGCCP00",2035,0
"Greece","GRMNGCCP00",2036,0
"Greece","GRMNGCCP00",2037,0
"Greece","GRMNGCCP00",2038,0
"Greece","GRMNGCCP00",2039,0
"Greece","GRMNGCCP00",2040,0
"Greece","GRMNGCCP00",2041,0
"Greece","GRMNGCCP00",2042,0
"Greece","GRMNGCCP00",2043,0
"Greece","GRMNGCCP00",2044,0
"Greece","GRMNGCCP00",2045,0
"Greece","GRMNGCCP00",2046,0
"Greece","GRMNGCCP00",2047,0
"Greece","GRMNGCCP00",2048,0
"Greece","GRMNGCCP00",2049,0
"Greece","GRMNGCCP00",2050,0
"Greece","GRMNGGCP00",2019,0
"Greece","GRMNGGCP00",2020,0
"Greece","GRMNGGCP00",2021,0
"Greece","GRMNGGCP00",2022,0
"Greece","GRMNGGCP00",2023,0
"Greece","GRMNGGCP00",2024,0
"Greece","GRMNGGCP00",2025,0
"Greece","GRMNGGCP00",2026,0
"Greece","GRMNGGCP00",2027,0
"Greece","GRMNGGCP00",2028,0
"Greece","GRMNGGCP00",2029,0
"Greece","GRMNGGCP00",2030,0
"Greece","GRMNGGCP00",2031,0
"Greece","GRMNGGCP00",2032,0
"Greece","GRMNGGCP00",2033,0
"Greece","GRMNGGCP00",2034,0
"Greece","GRMNGGCP00",2035,0
"Greece","GRMNGGCP00",2036,0
"Greece","GRMNGGCP00",2037,0
"Greece","GRMNGGCP00",2038,0
"Greece","GRMNGGCP00",2039,0
"Greece","GRMNGGCP00",2040,0
"Greece","GRMNGGCP00",2041,0
"Greece","GRMNGGCP00",2042,0
"Greece","GRMNGGCP00",2043,0
"Greece","GRMNGGCP00",2044,0
"Greece","GRMNGGCP00",2045,0
"Greece","GRMNGGCP00",2046,0
"Greece","GRMNGGCP00",2047,0
"Greece","GRMNGGCP00",2048,0
"Greece","GRMNGGCP00",2049,0
"Greece","GRMNGGCP00",2050,0
"Greece","GRMSOC1P00",2019,0
"Greece","GRMSOC1P00",2020,0
"Greece","GRMSOC1P00",2021,0
"Greece","GRMSOC1P00",2022,0
"Greece","GRMSOC1P00",2023,0
"Greece","GRMSOC1P00",2024,0
"Greece","GRMSOC1P00",2025,0
"Greece","GRMSOC1P00",2026,0
"Greece","GRMSOC1P00",2027,0
"Greece","GRMSOC1P00",2028,0
"Greece","GRMSOC1P00",2029,0
"Greece","GRMSOC1P00",2030,0
"Greece","GRMSOC1P00",2031,0
"Greece","GRMSOC1P00",2032,0
"Greece","GRMSOC1P00",2033,0
"Greece","GRMSOC1P00",2034,0
"Greece","GRMSOC1P00",2035,0
"Greece","GRMSOC1P00",2036,0
"Greece","GRMSOC1P00",2037,0
"Greece","GRMSOC1P00",2038,0
"Greece","GRMSOC1P00",2039,0
"Greece","GRMSOC1P00",2040,0
"Greece","GRMSOC1P00",2041,0
"Greece","GRMSOC1P00",2042,0
"Greece","GRMSOC1P00",2043,0
"Greece","GRMSOC1P00",2044,0
"Greece","GRMSOC1P00",2045,0
"Greece","GRMSOC1P00",2046,0
"Greece","GRMSOC1P00",2047,0
"Greece","GRMSOC1P00",2048,0
"Greece","GRMSOC1P00",2049,0.25
"Greece","GRMSOC1P00",2050,0
"Greece","GRMSOU1P03",2019,0.15
"Greece","GRMSOU1P03",2020,0.44
"Greece","GRMSOU1P03",2021,0.63
"Greece","GRMSOU1P03",2022,0.7
"Greece","GRMSOU1P03",2023,0.7
"Greece","GRMSOU1P03",2024,0.7
"Greece","GRMSOU1P03",2025,0.7
"Greece","GRMSOU1P03",2026,0.7
"Greece","GRMSOU1P03",2027,0.7
"Greece","GRMSOU1P03",2028,0.7
"Greece","GRMSOU1P03",2029,0.609999999999999
"Greece","GRMSOU1P03",2030,0
"Greece","GRMSOU1P03",2031,0.75
"Greece","GRMSOU1P03",2032,0
"Greece","GRMSOU1P03",2033,0
"Greece","GRMSOU1P03",2034,0.668715891980529
"Greece","GRMSOU1P03",2035,0.75
"Greece","GRMSOU1P03",2036,0
"Greece","GRMSOU1P03",2037,0
"Greece","GRMSOU1P03",2038,0
"Greece","GRMSOU1P03",2039,0
"Greece","GRMSOU1P03",2040,0
"Greece","GRMSOU1P03",2041,0
"Greece","GRMSOU1P03",2042,0
"Greece","GRMSOU1P03",2043,0
"Greece","GRMSOU1P03",2044,0.118796119456213
"Greece","GRMSOU1P03",2045,0.104408281494697
"Greece","GRMSOU1P03",2046,0
"Greece","GRMSOU1P03",2047,0.75
"Greece","GRMSOU1P03",2048,0.75
"Greece","GRMSOU1P03",2049,0.75
"Greece","GRMSOU1P03",2050,0.75
"Greece","GRMSOV1F01",2019,0.01
"Greece","GRMSOV1F01",2020,0.02
"Greece","GRMSOV1F01",2021,0.04
"Greece","GRMSOV1F01",2022,0.25
"Greece","GRMSOV1F01",2023,0.25
"Greece","GRMSOV1F01",2024,0.25
"Greece","GRMSOV1F01",2025,0.25
"Greece","GRMSOV1F01",2026,0.25
"Greece","GRMSOV1F01",2027,0.25
"Greece","GRMSOV1F01",2028,0.25
"Greece","GRMSOV1F01",2029,0.25
"Greece","GRMSOV1F01",2030,0.25
"Greece","GRMSOV1F01",2031,0.1
"Greece","GRMSOV1F01",2032,0.1
"Greece","GRMSOV1F01",2033,0.1
"Greece","GRMSOV1F01",2034,0.1
"Greece","GRMSOV1F01",2035,0.1
"Greece","GRMSOV1F01",2036,0.1
"Greece","GRMSOV1F01",2037,0.1
"Greece","GRMSOV1F01",2038,0.1
"Greece","GRMSOV1F01",2039,0.1
"Greece","GRMSOV1F01",2040,0.1
"Greece","GRMSOV1F01",2041,0.1
"Greece","GRMSOV1F01",2042,0.1
"Greece","GRMSOV1F01",2043,0.0799999999999993
"Greece","GRMSOV1F01",2044,0
"Greece","GRMSOV1F01",2045,0
"Greece","GRMSOV1F01",2046,0
"Greece","GRMSOV1F01",2047,0
"Greece","GRMSOV1F01",2048,0
"Greece","GRMSOV1F01",2049,0.1
"Greece","GRMSOV1F01",2050,0.1
"Greece","GRMWIP00",2019,0.75
"Greece","GRMWIP00",2020,0.51
"Greece","GRMWIP00",2021,0.27
"Greece","GRMWIP00",2022,0.85
"Greece","GRMWIP00",2023,0.85
"Greece","GRMWIP00",2024,0.85
"Greece","GRMWIP00",2025,0.85
"Greece","GRMWIP00",2026,0.85
"Greece","GRMWIP00",2027,0.85
"Greece","GRMWIP00",2028,0.85
"Greece","GRMWIP00",2029,0.85
"Greece","GRMWIP00",2030,0.810000000000001
"Greece","GRMWIP00",2031,0.85
"Greece","GRMWIP00",2032,0.85
"Greece","GRMWIP00",2033,0.85
"Greece","GRMWIP00",2034,0.85
"Greece","GRMWIP00",2035,0.85
"Greece","GRMWIP00",2036,0.541749355640089
"Greece","GRMWIP00",2037,0.490928987853084
"Greece","GRMWIP00",2038,0.752415847274981
"Greece","GRMWIP00",2039,0.411178443835709
"Greece","GRMWIP00",2040,0.24205234308108
"Greece","GRMWIP00",2041,0.0885184000010901
"Greece","GRMWIP00",2042,0
"Greece","GRMWIP00",2043,0
"Greece","GRMWIP00",2044,0.0301837008594209
"Greece","GRMWIP00",2045,0
"Greece","GRMWIP00",2046,0
"Greece","GRMWIP00",2047,0
"Greece","GRMWIP00",2048,0.304218570070766
"Greece","GRMWIP00",2049,0.5
"Greece","GRMWIP00",2050,0.5
"Greece","GRMWIP01",2019,0
"Greece","GRMWIP01",2020,0
"Greece","GRMWIP01",2021,0
"Greece","GRMWIP01",2022,0
"Greece","GRMWIP01",2023,0
"Greece","GRMWIP01",2024,0
"Greece","GRMWIP01",2025,0
"Greece","GRMWIP01",2026,0
"Greece","GRMWIP01",2027,0
"Greece","GRMWIP01",2028,0
"Greece","GRMWIP01",2029,0
"Greece","GRMWIP01",2030,0.162823409640314
"Greece","GRMWIP01",2031,0.25
"Greece","GRMWIP01",2032,0.25
"Greece","GRMWIP01",2033,0.25
"Greece","GRMWIP01",2034,0.25
"Greece","GRMWIP01",2035,0.25
"Greece","GRMWIP01",2036,0
"Greece","GRMWIP01",2037,0
"Greece","GRMWIP01",2038,0
"Greece","GRMWIP01",2039,0.110937205927796
"Greece","GRMWIP01",2040,0.25
"Greece","GRMWIP01",2041,0.25
"Greece","GRMWIP01",2042,0.166114681989117
"Greece","GRMWIP01",2043,0.0601247024427727
"Greece","GRMWIP01",2044,0.25
"Greece","GRMWIP01",2045,0
"Greece","GRMWIP01",2046,0
"Greece","GRMWIP01",2047,0
"Greece","GRMWIP01",2048,0.25
"Greece","GRMWIP01",2049,0.25
"Greece","GRMWIP01",2050,0
"Greece","GRNG00I00",2019,98.391436935541
"Greece","GRNG00I00",2020,2.74231650466074
"Greece","GRNG00I00",2021,0
"Greece","GRNG00I00",2022,0
"Greece","GRNG00I00",2023,0
"Greece","GRNG00I00",2024,0
"Greece","GRNG00I00",2025,0
"Greece","GRNG00I00",2026,0
"Greece","GRNG00I00",2027,0
"Greece","GRNG00I00",2028,0
"Greece","GRNG00I00",2029,0
"Greece","GRNG00I00",2030,0
"Greece","GRNG00I00",2031,0
"Greece","GRNG00I00",2032,0
"Greece","GRNG00I00",2033,0
"Greece","GRNG00I00",2034,0
"Greece","GRNG00I00",2035,0
"Greece","GRNG00I00",2036,0
"Greece","GRNG00I00",2037,0
"Greece","GRNG00I00",2038,0
"Greece","GRNG00I00",2039,0
"Greece","GRNG00I00",2040,0
"Greece","GRNG00I00",2041,0
"Greece","GRNG00I00",2042,0
"Greece","GRNG00I00",2043,0
"Greece","GRNG00I00",2044,0
"Greece","GRNG00I00",2045,0
"Greece","GRNG00I00",2046,0
"Greece","GRNG00I00",2047,0
"Greece","GRNG00I00",2048,0
"Greece","GRNG00I00",2049,0
"Greece","GRNG00I00",2050,0
"Greece","NGCHPPWR",2019,0.004
"Greece","NGCHPPWR",2020,0.002
"Greece","NGCHPPWR",2021,0.002
"Greece","NGCHPPWR",2022,0
"Greece","NGCHPPWR",2023,0
"Greece","NGCHPPWR",2024,0
"Greece","NGCHPPWR",2025,0
"Greece","NGCHPPWR",2026,0
"Greece","NGCHPPWR",2027,0
"Greece","NGCHPPWR",2028,0
"Greece","NGCHPPWR",2029,0
"Greece","NGCHPPWR",2030,0
"Greece","NGCHPPWR",2031,0
"Greece","NGCHPPWR",2032,0
"Greece","NGCHPPWR",2033,0
"Greece","NGCHPPWR",2034,0
"Greece","NGCHPPWR",2035,0
"Greece","NGCHPPWR",2036,0
"Greece","NGCHPPWR",2037,0
"Greece","NGCHPPWR",2038,0
"Greece","NGCHPPWR",2039,0
"Greece","NGCHPPWR",2040,0
"Greece","NGCHPPWR",2041,0
"Greece","NGCHPPWR",2042,0
"Greece","NGCHPPWR",2043,0
"Greece","NGCHPPWR",2044,0
"Greece","NGCHPPWR",2045,0
"Greece","NGCHPPWR",2046,0
"Greece","NGCHPPWR",2047,0
"Greece","NGCHPPWR",2048,0
"Greece","NGCHPPWR",2049,0
"Greece","NGCHPPWR",2050,0
"Greece","NGSPROD",2019,0.505050505050505
"Greece","NGSPROD",2020,0
"Greece","NGSPROD",2021,0
"Greece","NGSPROD",2022,0
"Greece","NGSPROD",2023,0
"Greece","NGSPROD",2024,0
"Greece","NGSPROD",2025,0
"Greece","NGSPROD",2026,0
"Greece","NGSPROD",2027,0.0505050505050481
"Greece","NGSPROD",2028,0
"Greece","NGSPROD",2029,0
"Greece","NGSPROD",2030,0
"Greece","NGSPROD",2031,0
"Greece","NGSPROD",2032,0.176151761517618
"Greece","NGSPROD",2033,0.0375234521575986
"Greece","NGSPROD",2034,0
"Greece","NGSPROD",2035,0
"Greece","NGSPROD",2036,0
"Greece","NGSPROD",2037,0
"Greece","NGSPROD",2038,0
"Greece","NGSPROD",2039,0
"Greece","NGSPROD",2040,0
"Greece","NGSPROD",2041,0
"Greece","NGSPROD",2042,0
"Greece","NGSPROD",2043,0
"Greece","NGSPROD",2044,0
"Greece","NGSPROD",2045,0
"Greece","NGSPROD",2046,0
"Greece","NGSPROD",2047,0
"Greece","NGSPROD",2048,0
"Greece","NGSPROD",2049,0
"Greece","NGSPROD",2050,0
"Greece","OILPROD",2019,7.17171717171717
"Greece","OILPROD",2020,0
"Greece","OILPROD",2021,0
"Greece","OILPROD",2022,0
"Greece","OILPROD",2023,0
"Greece","OILPROD",2024,0
"Greece","OILPROD",2025,0
"Greece","OILPROD",2026,0
"Greece","OILPROD",2027,0
"Greece","OILPROD",2028,0
"Greece","OILPROD",2029,0
"Greece","OILPROD",2030,0
"Greece","OILPROD",2031,0
"Greece","OILPROD",2032,0
"Greece","OILPROD",2033,0
"Greece","OILPROD",2034,0
"Greece","OILPROD",2035,0
"Greece","OILPROD",2036,0
"Greece","OILPROD",2037,0
"Greece","OILPROD",2038,0
"Greece","OILPROD",2039,0
"Greece","OILPROD",2040,0
"Greece","OILPROD",2041,0
"Greece","OILPROD",2042,0
"Greece","OILPROD",2043,0
"Greece","OILPROD",2044,0
"Greece","OILPROD",2045,0
"Greece","OILPROD",2046,0
"Greece","OILPROD",2047,0
"Greece","OILPROD",2048,0
"Greece","OILPROD",2049,0
"Greece","OILPROD",2050,0
"Greece","PUMP",2019,0
"Greece","PUMP",2020,0
"Greece","PUMP",2021,0
"Greece","PUMP",2022,0
"Greece","PUMP",2023,0
"Greece","PUMP",2024,0
"Greece","PUMP",2025,0
"Greece","PUMP",2026,0
"Greece","PUMP",2027,0
"Greece","PUMP",2028,0
"Greece","PUMP",2029,0
"Greece","PUMP",2030,0
"Greece","PUMP",2031,0
"Greece","PUMP",2032,0
"Greece","PUMP",2033,0
"Greece","PUMP",2034,0
"Greece","PUMP",2035,0
"Greece","PUMP",2036,0
"Greece","PUMP",2037,0
"Greece","PUMP",2038,0
"Greece","PUMP",2039,0
"Greece","PUMP",2040,0
"Greece","PUMP",2041,0
"Greece","PUMP",2042,0
"Greece","PUMP",2043,0
"Greece","PUMP",2044,0
"Greece","PUMP",2045,0
"Greece","PUMP",2046,0
"Greece","PUMP",2047,0
"Greece","PUMP",2048,0
"Greece","PUMP",2049,0
"Greece","PUMP",2050,0
"Greece","PWRHYDR",2019,0
"Greece","PWRHYDR",2020,0
"Greece","PWRHYDR",2021,0
"Greece","PWRHYDR",2022,0
"Greece","PWRHYDR",2023,0
"Greece","PWRHYDR",2024,0
"Greece","PWRHYDR",2025,0
"Greece","PWRHYDR",2026,0
"Greece","PWRHYDR",2027,0
"Greece","PWRHYDR",2028,0
"Greece","PWRHYDR",2029,0
"Greece","PWRHYDR",2030,0
"Greece","PWRHYDR",2031,0
"Greece","PWRHYDR",2032,0
"Greece","PWRHYDR",2033,0
"Greece","PWRHYDR",2034,0
"Greece","PWRHYDR",2035,0
"Greece","PWRHYDR",2036,0
"Greece","PWRHYDR",2037,0
"Greece","PWRHYDR",2038,0
"Greece","PWRHYDR",2039,0
"Greece","PWRHYDR",2040,0
"Greece","PWRHYDR",2041,0
"Greece","PWRHYDR",2042,0
"Greece","PWRHYDR",2043,0
"Greece","PWRHYDR",2044,0
"Greece","PWRHYDR",2045,0
"Greece","PWRHYDR",2046,0
"Greece","PWRHYDR",2047,0
"Greece","PWRHYDR",2048,0
"Greece","PWRHYDR",2049,0
"Greece","PWRHYDR",2050,0
